USE zhiyangyun;
SET NAMES utf8mb4;
SET @ORG_ID := 1;
SET @TENANT_ID := 1;
SET @CREATED_BY := 500;
INSERT IGNORE INTO room (id,tenant_id,org_id,building,floor_no,room_no,room_type,capacity,status,room_qr_code,created_by,create_time,update_time,is_deleted) VALUES
(810001,1,1,'A栋','2F','T001','双人间',2,1,'ROOM-TEST-001',500,NOW(),NOW(),0),
(810002,1,1,'A栋','2F','T002','双人间',2,1,'ROOM-TEST-002',500,NOW(),NOW(),0),
(810003,1,1,'A栋','2F','T003','三人间',3,1,'ROOM-TEST-003',500,NOW(),NOW(),0),
(810004,1,1,'A栋','2F','T004','双人间',2,1,'ROOM-TEST-004',500,NOW(),NOW(),0),
(810005,1,1,'A栋','2F','T005','双人间',2,1,'ROOM-TEST-005',500,NOW(),NOW(),0),
(810006,1,1,'A栋','2F','T006','三人间',3,1,'ROOM-TEST-006',500,NOW(),NOW(),0),
(810007,1,1,'A栋','2F','T007','双人间',2,1,'ROOM-TEST-007',500,NOW(),NOW(),0),
(810008,1,1,'A栋','2F','T008','双人间',2,1,'ROOM-TEST-008',500,NOW(),NOW(),0),
(810009,1,1,'B栋','3F','T009','三人间',3,1,'ROOM-TEST-009',500,NOW(),NOW(),0),
(810010,1,1,'B栋','3F','T010','双人间',2,1,'ROOM-TEST-010',500,NOW(),NOW(),0),
(810011,1,1,'B栋','3F','T011','双人间',2,1,'ROOM-TEST-011',500,NOW(),NOW(),0),
(810012,1,1,'B栋','3F','T012','三人间',3,1,'ROOM-TEST-012',500,NOW(),NOW(),0),
(810013,1,1,'B栋','3F','T013','双人间',2,1,'ROOM-TEST-013',500,NOW(),NOW(),0),
(810014,1,1,'B栋','3F','T014','双人间',2,1,'ROOM-TEST-014',500,NOW(),NOW(),0),
(810015,1,1,'B栋','3F','T015','三人间',3,1,'ROOM-TEST-015',500,NOW(),NOW(),0);
INSERT IGNORE INTO bed (id,tenant_id,org_id,room_id,bed_no,bed_qr_code,status,elder_id,created_by,create_time,update_time,is_deleted) VALUES
(820011,1,1,810001,'B1','BED-TEST-001-1',1,NULL,500,NOW(),NOW(),0),
(820012,1,1,810001,'B2','BED-TEST-001-2',1,NULL,500,NOW(),NOW(),0),
(820021,1,1,810002,'B1','BED-TEST-002-1',1,NULL,500,NOW(),NOW(),0),
(820022,1,1,810002,'B2','BED-TEST-002-2',1,NULL,500,NOW(),NOW(),0),
(820031,1,1,810003,'B1','BED-TEST-003-1',1,NULL,500,NOW(),NOW(),0),
(820032,1,1,810003,'B2','BED-TEST-003-2',1,NULL,500,NOW(),NOW(),0),
(820041,1,1,810004,'B1','BED-TEST-004-1',1,NULL,500,NOW(),NOW(),0),
(820042,1,1,810004,'B2','BED-TEST-004-2',1,NULL,500,NOW(),NOW(),0),
(820051,1,1,810005,'B1','BED-TEST-005-1',1,NULL,500,NOW(),NOW(),0),
(820052,1,1,810005,'B2','BED-TEST-005-2',1,NULL,500,NOW(),NOW(),0),
(820061,1,1,810006,'B1','BED-TEST-006-1',1,NULL,500,NOW(),NOW(),0),
(820062,1,1,810006,'B2','BED-TEST-006-2',1,NULL,500,NOW(),NOW(),0),
(820071,1,1,810007,'B1','BED-TEST-007-1',1,NULL,500,NOW(),NOW(),0),
(820072,1,1,810007,'B2','BED-TEST-007-2',1,NULL,500,NOW(),NOW(),0),
(820081,1,1,810008,'B1','BED-TEST-008-1',1,NULL,500,NOW(),NOW(),0),
(820082,1,1,810008,'B2','BED-TEST-008-2',1,NULL,500,NOW(),NOW(),0),
(820091,1,1,810009,'B1','BED-TEST-009-1',1,NULL,500,NOW(),NOW(),0),
(820092,1,1,810009,'B2','BED-TEST-009-2',1,NULL,500,NOW(),NOW(),0),
(820101,1,1,810010,'B1','BED-TEST-010-1',1,NULL,500,NOW(),NOW(),0),
(820102,1,1,810010,'B2','BED-TEST-010-2',1,NULL,500,NOW(),NOW(),0),
(820111,1,1,810011,'B1','BED-TEST-011-1',1,NULL,500,NOW(),NOW(),0),
(820112,1,1,810011,'B2','BED-TEST-011-2',1,NULL,500,NOW(),NOW(),0),
(820121,1,1,810012,'B1','BED-TEST-012-1',1,NULL,500,NOW(),NOW(),0),
(820122,1,1,810012,'B2','BED-TEST-012-2',1,NULL,500,NOW(),NOW(),0),
(820131,1,1,810013,'B1','BED-TEST-013-1',1,NULL,500,NOW(),NOW(),0),
(820132,1,1,810013,'B2','BED-TEST-013-2',1,NULL,500,NOW(),NOW(),0),
(820141,1,1,810014,'B1','BED-TEST-014-1',1,NULL,500,NOW(),NOW(),0),
(820142,1,1,810014,'B2','BED-TEST-014-2',1,NULL,500,NOW(),NOW(),0),
(820151,1,1,810015,'B1','BED-TEST-015-1',1,NULL,500,NOW(),NOW(),0),
(820152,1,1,810015,'B2','BED-TEST-015-2',1,NULL,500,NOW(),NOW(),0);
INSERT IGNORE INTO elder (id,tenant_id,org_id,elder_code,elder_qr_code,full_name,id_card_no,gender,birth_date,phone,home_address,admission_date,status,bed_id,care_level,remark,created_by,create_time,update_time,is_deleted) VALUES
(830001,1,1,'TE0001','ELDER-TEST-0001','测试长者01','110101194001010001',1,DATE_ADD('1940-01-01',INTERVAL 120 DAY),'13890000001','测试地址1号',DATE_ADD('2026-01-01',INTERVAL 1 DAY),1,820011,'B','平台测试数据',500,NOW(),NOW(),0),
(830002,1,1,'TE0002','ELDER-TEST-0002','测试长者02','110101194002010002',2,DATE_ADD('1940-01-01',INTERVAL 240 DAY),'13890000002','测试地址2号',DATE_ADD('2026-01-01',INTERVAL 2 DAY),1,820012,'C','平台测试数据',500,NOW(),NOW(),0),
(830003,1,1,'TE0003','ELDER-TEST-0003','测试长者03','110101194003010003',1,DATE_ADD('1940-01-01',INTERVAL 360 DAY),'13890000003','测试地址3号',DATE_ADD('2026-01-01',INTERVAL 3 DAY),1,820021,'A','平台测试数据',500,NOW(),NOW(),0),
(830004,1,1,'TE0004','ELDER-TEST-0004','测试长者04','110101194004010004',2,DATE_ADD('1940-01-01',INTERVAL 480 DAY),'13890000004','测试地址4号',DATE_ADD('2026-01-01',INTERVAL 4 DAY),1,820022,'B','平台测试数据',500,NOW(),NOW(),0),
(830005,1,1,'TE0005','ELDER-TEST-0005','测试长者05','110101194005010005',1,DATE_ADD('1940-01-01',INTERVAL 600 DAY),'13890000005','测试地址5号',DATE_ADD('2026-01-01',INTERVAL 5 DAY),1,820031,'C','平台测试数据',500,NOW(),NOW(),0),
(830006,1,1,'TE0006','ELDER-TEST-0006','测试长者06','110101194006010006',2,DATE_ADD('1940-01-01',INTERVAL 720 DAY),'13890000006','测试地址6号',DATE_ADD('2026-01-01',INTERVAL 6 DAY),1,820032,'A','平台测试数据',500,NOW(),NOW(),0),
(830007,1,1,'TE0007','ELDER-TEST-0007','测试长者07','110101194007010007',1,DATE_ADD('1940-01-01',INTERVAL 840 DAY),'13890000007','测试地址7号',DATE_ADD('2026-01-01',INTERVAL 7 DAY),1,820041,'B','平台测试数据',500,NOW(),NOW(),0),
(830008,1,1,'TE0008','ELDER-TEST-0008','测试长者08','110101194008010008',2,DATE_ADD('1940-01-01',INTERVAL 960 DAY),'13890000008','测试地址8号',DATE_ADD('2026-01-01',INTERVAL 8 DAY),1,820042,'C','平台测试数据',500,NOW(),NOW(),0),
(830009,1,1,'TE0009','ELDER-TEST-0009','测试长者09','110101194009010009',1,DATE_ADD('1940-01-01',INTERVAL 1080 DAY),'13890000009','测试地址9号',DATE_ADD('2026-01-01',INTERVAL 9 DAY),1,820051,'A','平台测试数据',500,NOW(),NOW(),0),
(830010,1,1,'TE0010','ELDER-TEST-0010','测试长者10','110101194010010010',2,DATE_ADD('1940-01-01',INTERVAL 1200 DAY),'13890000010','测试地址10号',DATE_ADD('2026-01-01',INTERVAL 10 DAY),1,820052,'B','平台测试数据',500,NOW(),NOW(),0),
(830011,1,1,'TE0011','ELDER-TEST-0011','测试长者11','110101194011010011',1,DATE_ADD('1940-01-01',INTERVAL 1320 DAY),'13890000011','测试地址11号',DATE_ADD('2026-01-01',INTERVAL 11 DAY),1,820061,'C','平台测试数据',500,NOW(),NOW(),0),
(830012,1,1,'TE0012','ELDER-TEST-0012','测试长者12','110101194012010012',2,DATE_ADD('1940-01-01',INTERVAL 1440 DAY),'13890000012','测试地址12号',DATE_ADD('2026-01-01',INTERVAL 12 DAY),1,820062,'A','平台测试数据',500,NOW(),NOW(),0),
(830013,1,1,'TE0013','ELDER-TEST-0013','测试长者13','110101194013010013',1,DATE_ADD('1940-01-01',INTERVAL 1560 DAY),'13890000013','测试地址13号',DATE_ADD('2026-01-01',INTERVAL 13 DAY),1,820071,'B','平台测试数据',500,NOW(),NOW(),0),
(830014,1,1,'TE0014','ELDER-TEST-0014','测试长者14','110101194014010014',2,DATE_ADD('1940-01-01',INTERVAL 1680 DAY),'13890000014','测试地址14号',DATE_ADD('2026-01-01',INTERVAL 14 DAY),1,820072,'C','平台测试数据',500,NOW(),NOW(),0),
(830015,1,1,'TE0015','ELDER-TEST-0015','测试长者15','110101194015010015',1,DATE_ADD('1940-01-01',INTERVAL 1800 DAY),'13890000015','测试地址15号',DATE_ADD('2026-01-01',INTERVAL 15 DAY),1,820081,'A','平台测试数据',500,NOW(),NOW(),0),
(830016,1,1,'TE0016','ELDER-TEST-0016','测试长者16','110101194016010016',2,DATE_ADD('1940-01-01',INTERVAL 1920 DAY),'13890000016','测试地址16号',DATE_ADD('2026-01-01',INTERVAL 16 DAY),1,820082,'B','平台测试数据',500,NOW(),NOW(),0),
(830017,1,1,'TE0017','ELDER-TEST-0017','测试长者17','110101194017010017',1,DATE_ADD('1940-01-01',INTERVAL 2040 DAY),'13890000017','测试地址17号',DATE_ADD('2026-01-01',INTERVAL 17 DAY),1,820091,'C','平台测试数据',500,NOW(),NOW(),0),
(830018,1,1,'TE0018','ELDER-TEST-0018','测试长者18','110101194018010018',2,DATE_ADD('1940-01-01',INTERVAL 2160 DAY),'13890000018','测试地址18号',DATE_ADD('2026-01-01',INTERVAL 18 DAY),1,820092,'A','平台测试数据',500,NOW(),NOW(),0),
(830019,1,1,'TE0019','ELDER-TEST-0019','测试长者19','110101194019010019',1,DATE_ADD('1940-01-01',INTERVAL 2280 DAY),'13890000019','测试地址19号',DATE_ADD('2026-01-01',INTERVAL 19 DAY),1,820101,'B','平台测试数据',500,NOW(),NOW(),0),
(830020,1,1,'TE0020','ELDER-TEST-0020','测试长者20','110101194020010020',2,DATE_ADD('1940-01-01',INTERVAL 2400 DAY),'13890000020','测试地址20号',DATE_ADD('2026-01-01',INTERVAL 20 DAY),1,820102,'C','平台测试数据',500,NOW(),NOW(),0),
(830021,1,1,'TE0021','ELDER-TEST-0021','测试长者21','110101194021010021',1,DATE_ADD('1940-01-01',INTERVAL 2520 DAY),'13890000021','测试地址21号',DATE_ADD('2026-01-01',INTERVAL 21 DAY),1,820111,'A','平台测试数据',500,NOW(),NOW(),0),
(830022,1,1,'TE0022','ELDER-TEST-0022','测试长者22','110101194022010022',2,DATE_ADD('1940-01-01',INTERVAL 2640 DAY),'13890000022','测试地址22号',DATE_ADD('2026-01-01',INTERVAL 22 DAY),1,820112,'B','平台测试数据',500,NOW(),NOW(),0),
(830023,1,1,'TE0023','ELDER-TEST-0023','测试长者23','110101194023010023',1,DATE_ADD('1940-01-01',INTERVAL 2760 DAY),'13890000023','测试地址23号',DATE_ADD('2026-01-01',INTERVAL 23 DAY),1,820121,'C','平台测试数据',500,NOW(),NOW(),0),
(830024,1,1,'TE0024','ELDER-TEST-0024','测试长者24','110101194024010024',2,DATE_ADD('1940-01-01',INTERVAL 2880 DAY),'13890000024','测试地址24号',DATE_ADD('2026-01-01',INTERVAL 24 DAY),1,820122,'A','平台测试数据',500,NOW(),NOW(),0),
(830025,1,1,'TE0025','ELDER-TEST-0025','测试长者25','110101194025010025',1,DATE_ADD('1940-01-01',INTERVAL 3000 DAY),'13890000025','测试地址25号',DATE_ADD('2026-01-01',INTERVAL 0 DAY),1,820131,'B','平台测试数据',500,NOW(),NOW(),0),
(830026,1,1,'TE0026','ELDER-TEST-0026','测试长者26','110101194026010026',2,DATE_ADD('1940-01-01',INTERVAL 3120 DAY),'13890000026','测试地址26号',DATE_ADD('2026-01-01',INTERVAL 1 DAY),1,820132,'C','平台测试数据',500,NOW(),NOW(),0),
(830027,1,1,'TE0027','ELDER-TEST-0027','测试长者27','110101194027010027',1,DATE_ADD('1940-01-01',INTERVAL 3240 DAY),'13890000027','测试地址27号',DATE_ADD('2026-01-01',INTERVAL 2 DAY),1,820141,'A','平台测试数据',500,NOW(),NOW(),0),
(830028,1,1,'TE0028','ELDER-TEST-0028','测试长者28','110101194028010028',2,DATE_ADD('1940-01-01',INTERVAL 3360 DAY),'13890000028','测试地址28号',DATE_ADD('2026-01-01',INTERVAL 3 DAY),1,820142,'B','平台测试数据',500,NOW(),NOW(),0),
(830029,1,1,'TE0029','ELDER-TEST-0029','测试长者29','110101194029010029',1,DATE_ADD('1940-01-01',INTERVAL 3480 DAY),'13890000029','测试地址29号',DATE_ADD('2026-01-01',INTERVAL 4 DAY),1,820151,'C','平台测试数据',500,NOW(),NOW(),0),
(830030,1,1,'TE0030','ELDER-TEST-0030','测试长者30','110101194030010030',2,DATE_ADD('1940-01-01',INTERVAL 3600 DAY),'13890000030','测试地址30号',DATE_ADD('2026-01-01',INTERVAL 5 DAY),1,820152,'A','平台测试数据',500,NOW(),NOW(),0);
UPDATE bed b
JOIN elder e ON e.org_id=b.org_id AND e.bed_id=b.id AND e.is_deleted=0
SET b.elder_id=e.id,b.status=2,b.update_time=NOW()
WHERE b.org_id=1;
INSERT IGNORE INTO elder_bed_relation (id,tenant_id,org_id,elder_id,bed_id,start_date,end_date,active_flag,remark,created_by,create_time,update_time,is_deleted) VALUES
(835001,1,1,830001,820011,DATE_ADD('2026-01-01',INTERVAL 1 DAY),NULL,1,'测试入住分配',500,NOW(),NOW(),0),
(835002,1,1,830002,820012,DATE_ADD('2026-01-01',INTERVAL 2 DAY),NULL,1,'测试入住分配',500,NOW(),NOW(),0),
(835003,1,1,830003,820021,DATE_ADD('2026-01-01',INTERVAL 3 DAY),NULL,1,'测试入住分配',500,NOW(),NOW(),0),
(835004,1,1,830004,820022,DATE_ADD('2026-01-01',INTERVAL 4 DAY),NULL,1,'测试入住分配',500,NOW(),NOW(),0),
(835005,1,1,830005,820031,DATE_ADD('2026-01-01',INTERVAL 5 DAY),NULL,1,'测试入住分配',500,NOW(),NOW(),0),
(835006,1,1,830006,820032,DATE_ADD('2026-01-01',INTERVAL 6 DAY),NULL,1,'测试入住分配',500,NOW(),NOW(),0),
(835007,1,1,830007,820041,DATE_ADD('2026-01-01',INTERVAL 7 DAY),NULL,1,'测试入住分配',500,NOW(),NOW(),0),
(835008,1,1,830008,820042,DATE_ADD('2026-01-01',INTERVAL 8 DAY),NULL,1,'测试入住分配',500,NOW(),NOW(),0),
(835009,1,1,830009,820051,DATE_ADD('2026-01-01',INTERVAL 9 DAY),NULL,1,'测试入住分配',500,NOW(),NOW(),0),
(835010,1,1,830010,820052,DATE_ADD('2026-01-01',INTERVAL 10 DAY),NULL,1,'测试入住分配',500,NOW(),NOW(),0),
(835011,1,1,830011,820061,DATE_ADD('2026-01-01',INTERVAL 11 DAY),NULL,1,'测试入住分配',500,NOW(),NOW(),0),
(835012,1,1,830012,820062,DATE_ADD('2026-01-01',INTERVAL 12 DAY),NULL,1,'测试入住分配',500,NOW(),NOW(),0),
(835013,1,1,830013,820071,DATE_ADD('2026-01-01',INTERVAL 13 DAY),NULL,1,'测试入住分配',500,NOW(),NOW(),0),
(835014,1,1,830014,820072,DATE_ADD('2026-01-01',INTERVAL 14 DAY),NULL,1,'测试入住分配',500,NOW(),NOW(),0),
(835015,1,1,830015,820081,DATE_ADD('2026-01-01',INTERVAL 15 DAY),NULL,1,'测试入住分配',500,NOW(),NOW(),0),
(835016,1,1,830016,820082,DATE_ADD('2026-01-01',INTERVAL 16 DAY),NULL,1,'测试入住分配',500,NOW(),NOW(),0),
(835017,1,1,830017,820091,DATE_ADD('2026-01-01',INTERVAL 17 DAY),NULL,1,'测试入住分配',500,NOW(),NOW(),0),
(835018,1,1,830018,820092,DATE_ADD('2026-01-01',INTERVAL 18 DAY),NULL,1,'测试入住分配',500,NOW(),NOW(),0),
(835019,1,1,830019,820101,DATE_ADD('2026-01-01',INTERVAL 19 DAY),NULL,1,'测试入住分配',500,NOW(),NOW(),0),
(835020,1,1,830020,820102,DATE_ADD('2026-01-01',INTERVAL 20 DAY),NULL,1,'测试入住分配',500,NOW(),NOW(),0),
(835021,1,1,830021,820111,DATE_ADD('2026-01-01',INTERVAL 21 DAY),NULL,1,'测试入住分配',500,NOW(),NOW(),0),
(835022,1,1,830022,820112,DATE_ADD('2026-01-01',INTERVAL 22 DAY),NULL,1,'测试入住分配',500,NOW(),NOW(),0),
(835023,1,1,830023,820121,DATE_ADD('2026-01-01',INTERVAL 23 DAY),NULL,1,'测试入住分配',500,NOW(),NOW(),0),
(835024,1,1,830024,820122,DATE_ADD('2026-01-01',INTERVAL 24 DAY),NULL,1,'测试入住分配',500,NOW(),NOW(),0),
(835025,1,1,830025,820131,DATE_ADD('2026-01-01',INTERVAL 0 DAY),NULL,1,'测试入住分配',500,NOW(),NOW(),0),
(835026,1,1,830026,820132,DATE_ADD('2026-01-01',INTERVAL 1 DAY),NULL,1,'测试入住分配',500,NOW(),NOW(),0),
(835027,1,1,830027,820141,DATE_ADD('2026-01-01',INTERVAL 2 DAY),NULL,1,'测试入住分配',500,NOW(),NOW(),0),
(835028,1,1,830028,820142,DATE_ADD('2026-01-01',INTERVAL 3 DAY),NULL,1,'测试入住分配',500,NOW(),NOW(),0),
(835029,1,1,830029,820151,DATE_ADD('2026-01-01',INTERVAL 4 DAY),NULL,1,'测试入住分配',500,NOW(),NOW(),0),
(835030,1,1,830030,820152,DATE_ADD('2026-01-01',INTERVAL 5 DAY),NULL,1,'测试入住分配',500,NOW(),NOW(),0);
INSERT IGNORE INTO family_user (id,org_id,open_id,username,password_hash,real_name,phone,id_card_no,status,create_time,update_time,is_deleted) VALUES
(840001,1,NULL,NULL,NULL,'家属01','13991000001',NULL,1,NOW(),NOW(),0),
(840002,1,NULL,NULL,NULL,'家属02','13991000002',NULL,1,NOW(),NOW(),0),
(840003,1,NULL,NULL,NULL,'家属03','13991000003',NULL,1,NOW(),NOW(),0),
(840004,1,NULL,NULL,NULL,'家属04','13991000004',NULL,1,NOW(),NOW(),0),
(840005,1,NULL,NULL,NULL,'家属05','13991000005',NULL,1,NOW(),NOW(),0),
(840006,1,NULL,NULL,NULL,'家属06','13991000006',NULL,1,NOW(),NOW(),0),
(840007,1,NULL,NULL,NULL,'家属07','13991000007',NULL,1,NOW(),NOW(),0),
(840008,1,NULL,NULL,NULL,'家属08','13991000008',NULL,1,NOW(),NOW(),0),
(840009,1,NULL,NULL,NULL,'家属09','13991000009',NULL,1,NOW(),NOW(),0),
(840010,1,NULL,NULL,NULL,'家属10','13991000010',NULL,1,NOW(),NOW(),0),
(840011,1,NULL,NULL,NULL,'家属11','13991000011',NULL,1,NOW(),NOW(),0),
(840012,1,NULL,NULL,NULL,'家属12','13991000012',NULL,1,NOW(),NOW(),0),
(840013,1,NULL,NULL,NULL,'家属13','13991000013',NULL,1,NOW(),NOW(),0),
(840014,1,NULL,NULL,NULL,'家属14','13991000014',NULL,1,NOW(),NOW(),0),
(840015,1,NULL,NULL,NULL,'家属15','13991000015',NULL,1,NOW(),NOW(),0),
(840016,1,NULL,NULL,NULL,'家属16','13991000016',NULL,1,NOW(),NOW(),0),
(840017,1,NULL,NULL,NULL,'家属17','13991000017',NULL,1,NOW(),NOW(),0),
(840018,1,NULL,NULL,NULL,'家属18','13991000018',NULL,1,NOW(),NOW(),0),
(840019,1,NULL,NULL,NULL,'家属19','13991000019',NULL,1,NOW(),NOW(),0),
(840020,1,NULL,NULL,NULL,'家属20','13991000020',NULL,1,NOW(),NOW(),0),
(840021,1,NULL,NULL,NULL,'家属21','13991000021',NULL,1,NOW(),NOW(),0),
(840022,1,NULL,NULL,NULL,'家属22','13991000022',NULL,1,NOW(),NOW(),0),
(840023,1,NULL,NULL,NULL,'家属23','13991000023',NULL,1,NOW(),NOW(),0),
(840024,1,NULL,NULL,NULL,'家属24','13991000024',NULL,1,NOW(),NOW(),0),
(840025,1,NULL,NULL,NULL,'家属25','13991000025',NULL,1,NOW(),NOW(),0),
(840026,1,NULL,NULL,NULL,'家属26','13991000026',NULL,1,NOW(),NOW(),0),
(840027,1,NULL,NULL,NULL,'家属27','13991000027',NULL,1,NOW(),NOW(),0),
(840028,1,NULL,NULL,NULL,'家属28','13991000028',NULL,1,NOW(),NOW(),0),
(840029,1,NULL,NULL,NULL,'家属29','13991000029',NULL,1,NOW(),NOW(),0),
(840030,1,NULL,NULL,NULL,'家属30','13991000030',NULL,1,NOW(),NOW(),0);
INSERT IGNORE INTO elder_family (id,org_id,elder_id,family_user_id,relation,is_primary,remark,create_time,update_time,is_deleted) VALUES
(845001,1,830001,840001,'配偶',1,'测试家属关系',NOW(),NOW(),0),
(845002,1,830002,840002,'孙辈',1,'测试家属关系',NOW(),NOW(),0),
(845003,1,830003,840003,'其他',1,'测试家属关系',NOW(),NOW(),0),
(845004,1,830004,840004,'子女',1,'测试家属关系',NOW(),NOW(),0),
(845005,1,830005,840005,'配偶',1,'测试家属关系',NOW(),NOW(),0),
(845006,1,830006,840006,'孙辈',1,'测试家属关系',NOW(),NOW(),0),
(845007,1,830007,840007,'其他',1,'测试家属关系',NOW(),NOW(),0),
(845008,1,830008,840008,'子女',1,'测试家属关系',NOW(),NOW(),0),
(845009,1,830009,840009,'配偶',1,'测试家属关系',NOW(),NOW(),0),
(845010,1,830010,840010,'孙辈',1,'测试家属关系',NOW(),NOW(),0),
(845011,1,830011,840011,'其他',1,'测试家属关系',NOW(),NOW(),0),
(845012,1,830012,840012,'子女',1,'测试家属关系',NOW(),NOW(),0),
(845013,1,830013,840013,'配偶',1,'测试家属关系',NOW(),NOW(),0),
(845014,1,830014,840014,'孙辈',1,'测试家属关系',NOW(),NOW(),0),
(845015,1,830015,840015,'其他',1,'测试家属关系',NOW(),NOW(),0),
(845016,1,830016,840016,'子女',1,'测试家属关系',NOW(),NOW(),0),
(845017,1,830017,840017,'配偶',1,'测试家属关系',NOW(),NOW(),0),
(845018,1,830018,840018,'孙辈',1,'测试家属关系',NOW(),NOW(),0),
(845019,1,830019,840019,'其他',1,'测试家属关系',NOW(),NOW(),0),
(845020,1,830020,840020,'子女',1,'测试家属关系',NOW(),NOW(),0),
(845021,1,830021,840021,'配偶',1,'测试家属关系',NOW(),NOW(),0),
(845022,1,830022,840022,'孙辈',1,'测试家属关系',NOW(),NOW(),0),
(845023,1,830023,840023,'其他',1,'测试家属关系',NOW(),NOW(),0),
(845024,1,830024,840024,'子女',1,'测试家属关系',NOW(),NOW(),0),
(845025,1,830025,840025,'配偶',1,'测试家属关系',NOW(),NOW(),0),
(845026,1,830026,840026,'孙辈',1,'测试家属关系',NOW(),NOW(),0),
(845027,1,830027,840027,'其他',1,'测试家属关系',NOW(),NOW(),0),
(845028,1,830028,840028,'子女',1,'测试家属关系',NOW(),NOW(),0),
(845029,1,830029,840029,'配偶',1,'测试家属关系',NOW(),NOW(),0),
(845030,1,830030,840030,'孙辈',1,'测试家属关系',NOW(),NOW(),0);
INSERT IGNORE INTO health_inspection (id,tenant_id,org_id,elder_id,elder_name,inspection_date,inspection_item,result,`status`,inspector_name,follow_up_action,remark,created_by,create_time,update_time,is_deleted) VALUES
(850011,1,1,830001,'测试长者01',DATE_ADD('2026-02-01',INTERVAL 2 DAY),'血压巡检','结果正常','NORMAL','医生张',NULL,'测试巡检数据',500,NOW(),NOW(),0),
(850012,1,1,830001,'测试长者01',DATE_ADD('2026-02-01',INTERVAL 3 DAY),'血糖巡检','轻度异常','FOLLOWING','医生张','已安排复测','测试巡检数据',500,NOW(),NOW(),0),
(850021,1,1,830002,'测试长者02',DATE_ADD('2026-02-01',INTERVAL 3 DAY),'血压巡检','结果正常','NORMAL','护工李',NULL,'测试巡检数据',500,NOW(),NOW(),0),
(850022,1,1,830002,'测试长者02',DATE_ADD('2026-02-01',INTERVAL 4 DAY),'血糖巡检','轻度异常','FOLLOWING','护工李','已安排复测','测试巡检数据',500,NOW(),NOW(),0),
(850031,1,1,830003,'测试长者03',DATE_ADD('2026-02-01',INTERVAL 4 DAY),'血压巡检','结果正常','NORMAL','护士长王',NULL,'测试巡检数据',500,NOW(),NOW(),0),
(850032,1,1,830003,'测试长者03',DATE_ADD('2026-02-01',INTERVAL 5 DAY),'血糖巡检','轻度异常','FOLLOWING','护士长王','已安排复测','测试巡检数据',500,NOW(),NOW(),0),
(850041,1,1,830004,'测试长者04',DATE_ADD('2026-02-01',INTERVAL 5 DAY),'血压巡检','结果正常','NORMAL','医生张',NULL,'测试巡检数据',500,NOW(),NOW(),0),
(850042,1,1,830004,'测试长者04',DATE_ADD('2026-02-01',INTERVAL 6 DAY),'血糖巡检','轻度异常','FOLLOWING','医生张','已安排复测','测试巡检数据',500,NOW(),NOW(),0),
(850051,1,1,830005,'测试长者05',DATE_ADD('2026-02-01',INTERVAL 6 DAY),'血压巡检','结果正常','NORMAL','护工李',NULL,'测试巡检数据',500,NOW(),NOW(),0),
(850052,1,1,830005,'测试长者05',DATE_ADD('2026-02-01',INTERVAL 7 DAY),'血糖巡检','轻度异常','FOLLOWING','护工李','已安排复测','测试巡检数据',500,NOW(),NOW(),0),
(850061,1,1,830006,'测试长者06',DATE_ADD('2026-02-01',INTERVAL 7 DAY),'血压巡检','结果正常','NORMAL','护士长王',NULL,'测试巡检数据',500,NOW(),NOW(),0),
(850062,1,1,830006,'测试长者06',DATE_ADD('2026-02-01',INTERVAL 8 DAY),'血糖巡检','轻度异常','FOLLOWING','护士长王','已安排复测','测试巡检数据',500,NOW(),NOW(),0),
(850071,1,1,830007,'测试长者07',DATE_ADD('2026-02-01',INTERVAL 8 DAY),'血压巡检','结果正常','NORMAL','医生张',NULL,'测试巡检数据',500,NOW(),NOW(),0),
(850072,1,1,830007,'测试长者07',DATE_ADD('2026-02-01',INTERVAL 9 DAY),'血糖巡检','轻度异常','FOLLOWING','医生张','已安排复测','测试巡检数据',500,NOW(),NOW(),0),
(850081,1,1,830008,'测试长者08',DATE_ADD('2026-02-01',INTERVAL 9 DAY),'血压巡检','结果正常','NORMAL','护工李',NULL,'测试巡检数据',500,NOW(),NOW(),0),
(850082,1,1,830008,'测试长者08',DATE_ADD('2026-02-01',INTERVAL 10 DAY),'血糖巡检','轻度异常','FOLLOWING','护工李','已安排复测','测试巡检数据',500,NOW(),NOW(),0),
(850091,1,1,830009,'测试长者09',DATE_ADD('2026-02-01',INTERVAL 10 DAY),'血压巡检','结果正常','NORMAL','护士长王',NULL,'测试巡检数据',500,NOW(),NOW(),0),
(850092,1,1,830009,'测试长者09',DATE_ADD('2026-02-01',INTERVAL 11 DAY),'血糖巡检','轻度异常','FOLLOWING','护士长王','已安排复测','测试巡检数据',500,NOW(),NOW(),0),
(850101,1,1,830010,'测试长者10',DATE_ADD('2026-02-01',INTERVAL 11 DAY),'血压巡检','结果正常','NORMAL','医生张',NULL,'测试巡检数据',500,NOW(),NOW(),0),
(850102,1,1,830010,'测试长者10',DATE_ADD('2026-02-01',INTERVAL 12 DAY),'血糖巡检','轻度异常','FOLLOWING','医生张','已安排复测','测试巡检数据',500,NOW(),NOW(),0),
(850111,1,1,830011,'测试长者11',DATE_ADD('2026-02-01',INTERVAL 12 DAY),'血压巡检','结果正常','NORMAL','护工李',NULL,'测试巡检数据',500,NOW(),NOW(),0),
(850112,1,1,830011,'测试长者11',DATE_ADD('2026-02-01',INTERVAL 13 DAY),'血糖巡检','轻度异常','FOLLOWING','护工李','已安排复测','测试巡检数据',500,NOW(),NOW(),0),
(850121,1,1,830012,'测试长者12',DATE_ADD('2026-02-01',INTERVAL 13 DAY),'血压巡检','结果正常','NORMAL','护士长王',NULL,'测试巡检数据',500,NOW(),NOW(),0),
(850122,1,1,830012,'测试长者12',DATE_ADD('2026-02-01',INTERVAL 14 DAY),'血糖巡检','轻度异常','FOLLOWING','护士长王','已安排复测','测试巡检数据',500,NOW(),NOW(),0),
(850131,1,1,830013,'测试长者13',DATE_ADD('2026-02-01',INTERVAL 14 DAY),'血压巡检','结果正常','NORMAL','医生张',NULL,'测试巡检数据',500,NOW(),NOW(),0),
(850132,1,1,830013,'测试长者13',DATE_ADD('2026-02-01',INTERVAL 15 DAY),'血糖巡检','轻度异常','FOLLOWING','医生张','已安排复测','测试巡检数据',500,NOW(),NOW(),0),
(850141,1,1,830014,'测试长者14',DATE_ADD('2026-02-01',INTERVAL 15 DAY),'血压巡检','结果正常','NORMAL','护工李',NULL,'测试巡检数据',500,NOW(),NOW(),0),
(850142,1,1,830014,'测试长者14',DATE_ADD('2026-02-01',INTERVAL 16 DAY),'血糖巡检','轻度异常','FOLLOWING','护工李','已安排复测','测试巡检数据',500,NOW(),NOW(),0),
(850151,1,1,830015,'测试长者15',DATE_ADD('2026-02-01',INTERVAL 16 DAY),'血压巡检','结果正常','NORMAL','护士长王',NULL,'测试巡检数据',500,NOW(),NOW(),0),
(850152,1,1,830015,'测试长者15',DATE_ADD('2026-02-01',INTERVAL 17 DAY),'血糖巡检','轻度异常','FOLLOWING','护士长王','已安排复测','测试巡检数据',500,NOW(),NOW(),0),
(850161,1,1,830016,'测试长者16',DATE_ADD('2026-02-01',INTERVAL 17 DAY),'血压巡检','结果正常','NORMAL','医生张',NULL,'测试巡检数据',500,NOW(),NOW(),0),
(850162,1,1,830016,'测试长者16',DATE_ADD('2026-02-01',INTERVAL 18 DAY),'血糖巡检','轻度异常','FOLLOWING','医生张','已安排复测','测试巡检数据',500,NOW(),NOW(),0),
(850171,1,1,830017,'测试长者17',DATE_ADD('2026-02-01',INTERVAL 18 DAY),'血压巡检','结果正常','NORMAL','护工李',NULL,'测试巡检数据',500,NOW(),NOW(),0),
(850172,1,1,830017,'测试长者17',DATE_ADD('2026-02-01',INTERVAL 19 DAY),'血糖巡检','轻度异常','FOLLOWING','护工李','已安排复测','测试巡检数据',500,NOW(),NOW(),0),
(850181,1,1,830018,'测试长者18',DATE_ADD('2026-02-01',INTERVAL 19 DAY),'血压巡检','结果正常','NORMAL','护士长王',NULL,'测试巡检数据',500,NOW(),NOW(),0),
(850182,1,1,830018,'测试长者18',DATE_ADD('2026-02-01',INTERVAL 0 DAY),'血糖巡检','轻度异常','FOLLOWING','护士长王','已安排复测','测试巡检数据',500,NOW(),NOW(),0),
(850191,1,1,830019,'测试长者19',DATE_ADD('2026-02-01',INTERVAL 0 DAY),'血压巡检','结果正常','NORMAL','医生张',NULL,'测试巡检数据',500,NOW(),NOW(),0),
(850192,1,1,830019,'测试长者19',DATE_ADD('2026-02-01',INTERVAL 1 DAY),'血糖巡检','轻度异常','FOLLOWING','医生张','已安排复测','测试巡检数据',500,NOW(),NOW(),0),
(850201,1,1,830020,'测试长者20',DATE_ADD('2026-02-01',INTERVAL 1 DAY),'血压巡检','结果正常','NORMAL','护工李',NULL,'测试巡检数据',500,NOW(),NOW(),0),
(850202,1,1,830020,'测试长者20',DATE_ADD('2026-02-01',INTERVAL 2 DAY),'血糖巡检','轻度异常','FOLLOWING','护工李','已安排复测','测试巡检数据',500,NOW(),NOW(),0),
(850211,1,1,830021,'测试长者21',DATE_ADD('2026-02-01',INTERVAL 2 DAY),'血压巡检','结果正常','NORMAL','护士长王',NULL,'测试巡检数据',500,NOW(),NOW(),0),
(850212,1,1,830021,'测试长者21',DATE_ADD('2026-02-01',INTERVAL 3 DAY),'血糖巡检','轻度异常','FOLLOWING','护士长王','已安排复测','测试巡检数据',500,NOW(),NOW(),0),
(850221,1,1,830022,'测试长者22',DATE_ADD('2026-02-01',INTERVAL 3 DAY),'血压巡检','结果正常','NORMAL','医生张',NULL,'测试巡检数据',500,NOW(),NOW(),0),
(850222,1,1,830022,'测试长者22',DATE_ADD('2026-02-01',INTERVAL 4 DAY),'血糖巡检','轻度异常','FOLLOWING','医生张','已安排复测','测试巡检数据',500,NOW(),NOW(),0),
(850231,1,1,830023,'测试长者23',DATE_ADD('2026-02-01',INTERVAL 4 DAY),'血压巡检','结果正常','NORMAL','护工李',NULL,'测试巡检数据',500,NOW(),NOW(),0),
(850232,1,1,830023,'测试长者23',DATE_ADD('2026-02-01',INTERVAL 5 DAY),'血糖巡检','轻度异常','FOLLOWING','护工李','已安排复测','测试巡检数据',500,NOW(),NOW(),0),
(850241,1,1,830024,'测试长者24',DATE_ADD('2026-02-01',INTERVAL 5 DAY),'血压巡检','结果正常','NORMAL','护士长王',NULL,'测试巡检数据',500,NOW(),NOW(),0),
(850242,1,1,830024,'测试长者24',DATE_ADD('2026-02-01',INTERVAL 6 DAY),'血糖巡检','轻度异常','FOLLOWING','护士长王','已安排复测','测试巡检数据',500,NOW(),NOW(),0),
(850251,1,1,830025,'测试长者25',DATE_ADD('2026-02-01',INTERVAL 6 DAY),'血压巡检','结果正常','NORMAL','医生张',NULL,'测试巡检数据',500,NOW(),NOW(),0),
(850252,1,1,830025,'测试长者25',DATE_ADD('2026-02-01',INTERVAL 7 DAY),'血糖巡检','轻度异常','FOLLOWING','医生张','已安排复测','测试巡检数据',500,NOW(),NOW(),0),
(850261,1,1,830026,'测试长者26',DATE_ADD('2026-02-01',INTERVAL 7 DAY),'血压巡检','结果正常','NORMAL','护工李',NULL,'测试巡检数据',500,NOW(),NOW(),0),
(850262,1,1,830026,'测试长者26',DATE_ADD('2026-02-01',INTERVAL 8 DAY),'血糖巡检','轻度异常','FOLLOWING','护工李','已安排复测','测试巡检数据',500,NOW(),NOW(),0),
(850271,1,1,830027,'测试长者27',DATE_ADD('2026-02-01',INTERVAL 8 DAY),'血压巡检','结果正常','NORMAL','护士长王',NULL,'测试巡检数据',500,NOW(),NOW(),0),
(850272,1,1,830027,'测试长者27',DATE_ADD('2026-02-01',INTERVAL 9 DAY),'血糖巡检','轻度异常','FOLLOWING','护士长王','已安排复测','测试巡检数据',500,NOW(),NOW(),0),
(850281,1,1,830028,'测试长者28',DATE_ADD('2026-02-01',INTERVAL 9 DAY),'血压巡检','结果正常','NORMAL','医生张',NULL,'测试巡检数据',500,NOW(),NOW(),0),
(850282,1,1,830028,'测试长者28',DATE_ADD('2026-02-01',INTERVAL 10 DAY),'血糖巡检','轻度异常','FOLLOWING','医生张','已安排复测','测试巡检数据',500,NOW(),NOW(),0),
(850291,1,1,830029,'测试长者29',DATE_ADD('2026-02-01',INTERVAL 10 DAY),'血压巡检','结果正常','NORMAL','护工李',NULL,'测试巡检数据',500,NOW(),NOW(),0),
(850292,1,1,830029,'测试长者29',DATE_ADD('2026-02-01',INTERVAL 11 DAY),'血糖巡检','轻度异常','FOLLOWING','护工李','已安排复测','测试巡检数据',500,NOW(),NOW(),0),
(850301,1,1,830030,'测试长者30',DATE_ADD('2026-02-01',INTERVAL 11 DAY),'血压巡检','结果正常','NORMAL','护士长王',NULL,'测试巡检数据',500,NOW(),NOW(),0),
(850302,1,1,830030,'测试长者30',DATE_ADD('2026-02-01',INTERVAL 12 DAY),'血糖巡检','轻度异常','FOLLOWING','护士长王','已安排复测','测试巡检数据',500,NOW(),NOW(),0);
INSERT IGNORE INTO health_data_record (id,tenant_id,org_id,elder_id,elder_name,data_type,data_value,measured_at,source,abnormal_flag,remark,created_by,create_time,update_time,is_deleted) VALUES
(860011,1,1,830001,'测试长者01','血压','130/80',DATE_ADD('2026-02-01 08:00:00',INTERVAL 4 HOUR),'MANUAL',0,'测试健康数据',500,NOW(),NOW(),0),
(860012,1,1,830001,'测试长者01','血糖','6.1',DATE_ADD('2026-02-01 08:00:00',INTERVAL 5 HOUR),'MANUAL',0,'测试健康数据',500,NOW(),NOW(),0),
(860013,1,1,830001,'测试长者01','体温','36.6',DATE_ADD('2026-02-01 08:00:00',INTERVAL 6 HOUR),'MANUAL',0,'测试健康数据',500,NOW(),NOW(),0),
(860021,1,1,830002,'测试长者02','血压','130/80',DATE_ADD('2026-02-01 08:00:00',INTERVAL 7 HOUR),'MANUAL',0,'测试健康数据',500,NOW(),NOW(),0),
(860022,1,1,830002,'测试长者02','血糖','6.1',DATE_ADD('2026-02-01 08:00:00',INTERVAL 8 HOUR),'MANUAL',0,'测试健康数据',500,NOW(),NOW(),0),
(860023,1,1,830002,'测试长者02','体温','36.6',DATE_ADD('2026-02-01 08:00:00',INTERVAL 9 HOUR),'MANUAL',0,'测试健康数据',500,NOW(),NOW(),0),
(860031,1,1,830003,'测试长者03','血压','130/80',DATE_ADD('2026-02-01 08:00:00',INTERVAL 10 HOUR),'MANUAL',0,'测试健康数据',500,NOW(),NOW(),0),
(860032,1,1,830003,'测试长者03','血糖','6.1',DATE_ADD('2026-02-01 08:00:00',INTERVAL 11 HOUR),'MANUAL',0,'测试健康数据',500,NOW(),NOW(),0),
(860033,1,1,830003,'测试长者03','体温','36.6',DATE_ADD('2026-02-01 08:00:00',INTERVAL 12 HOUR),'MANUAL',0,'测试健康数据',500,NOW(),NOW(),0),
(860041,1,1,830004,'测试长者04','血压','130/80',DATE_ADD('2026-02-01 08:00:00',INTERVAL 13 HOUR),'MANUAL',0,'测试健康数据',500,NOW(),NOW(),0),
(860042,1,1,830004,'测试长者04','血糖','6.1',DATE_ADD('2026-02-01 08:00:00',INTERVAL 14 HOUR),'MANUAL',0,'测试健康数据',500,NOW(),NOW(),0),
(860043,1,1,830004,'测试长者04','体温','36.6',DATE_ADD('2026-02-01 08:00:00',INTERVAL 15 HOUR),'MANUAL',0,'测试健康数据',500,NOW(),NOW(),0),
(860051,1,1,830005,'测试长者05','血压','130/80',DATE_ADD('2026-02-01 08:00:00',INTERVAL 16 HOUR),'MANUAL',0,'测试健康数据',500,NOW(),NOW(),0),
(860052,1,1,830005,'测试长者05','血糖','6.1',DATE_ADD('2026-02-01 08:00:00',INTERVAL 17 HOUR),'MANUAL',1,'测试健康数据',500,NOW(),NOW(),0),
(860053,1,1,830005,'测试长者05','体温','36.6',DATE_ADD('2026-02-01 08:00:00',INTERVAL 18 HOUR),'MANUAL',0,'测试健康数据',500,NOW(),NOW(),0),
(860061,1,1,830006,'测试长者06','血压','130/80',DATE_ADD('2026-02-01 08:00:00',INTERVAL 19 HOUR),'MANUAL',0,'测试健康数据',500,NOW(),NOW(),0),
(860062,1,1,830006,'测试长者06','血糖','6.1',DATE_ADD('2026-02-01 08:00:00',INTERVAL 20 HOUR),'MANUAL',0,'测试健康数据',500,NOW(),NOW(),0),
(860063,1,1,830006,'测试长者06','体温','36.6',DATE_ADD('2026-02-01 08:00:00',INTERVAL 21 HOUR),'MANUAL',0,'测试健康数据',500,NOW(),NOW(),0),
(860071,1,1,830007,'测试长者07','血压','130/80',DATE_ADD('2026-02-01 08:00:00',INTERVAL 22 HOUR),'MANUAL',0,'测试健康数据',500,NOW(),NOW(),0),
(860072,1,1,830007,'测试长者07','血糖','6.1',DATE_ADD('2026-02-01 08:00:00',INTERVAL 23 HOUR),'MANUAL',0,'测试健康数据',500,NOW(),NOW(),0),
(860073,1,1,830007,'测试长者07','体温','36.6',DATE_ADD('2026-02-01 08:00:00',INTERVAL 24 HOUR),'MANUAL',0,'测试健康数据',500,NOW(),NOW(),0),
(860081,1,1,830008,'测试长者08','血压','130/80',DATE_ADD('2026-02-01 08:00:00',INTERVAL 25 HOUR),'MANUAL',0,'测试健康数据',500,NOW(),NOW(),0),
(860082,1,1,830008,'测试长者08','血糖','6.1',DATE_ADD('2026-02-01 08:00:00',INTERVAL 26 HOUR),'MANUAL',0,'测试健康数据',500,NOW(),NOW(),0),
(860083,1,1,830008,'测试长者08','体温','36.6',DATE_ADD('2026-02-01 08:00:00',INTERVAL 27 HOUR),'MANUAL',0,'测试健康数据',500,NOW(),NOW(),0),
(860091,1,1,830009,'测试长者09','血压','130/80',DATE_ADD('2026-02-01 08:00:00',INTERVAL 28 HOUR),'MANUAL',0,'测试健康数据',500,NOW(),NOW(),0),
(860092,1,1,830009,'测试长者09','血糖','6.1',DATE_ADD('2026-02-01 08:00:00',INTERVAL 29 HOUR),'MANUAL',0,'测试健康数据',500,NOW(),NOW(),0),
(860093,1,1,830009,'测试长者09','体温','36.6',DATE_ADD('2026-02-01 08:00:00',INTERVAL 30 HOUR),'MANUAL',0,'测试健康数据',500,NOW(),NOW(),0),
(860101,1,1,830010,'测试长者10','血压','130/80',DATE_ADD('2026-02-01 08:00:00',INTERVAL 31 HOUR),'MANUAL',0,'测试健康数据',500,NOW(),NOW(),0),
(860102,1,1,830010,'测试长者10','血糖','6.1',DATE_ADD('2026-02-01 08:00:00',INTERVAL 32 HOUR),'MANUAL',1,'测试健康数据',500,NOW(),NOW(),0),
(860103,1,1,830010,'测试长者10','体温','36.6',DATE_ADD('2026-02-01 08:00:00',INTERVAL 33 HOUR),'MANUAL',0,'测试健康数据',500,NOW(),NOW(),0),
(860111,1,1,830011,'测试长者11','血压','130/80',DATE_ADD('2026-02-01 08:00:00',INTERVAL 34 HOUR),'MANUAL',0,'测试健康数据',500,NOW(),NOW(),0),
(860112,1,1,830011,'测试长者11','血糖','6.1',DATE_ADD('2026-02-01 08:00:00',INTERVAL 35 HOUR),'MANUAL',0,'测试健康数据',500,NOW(),NOW(),0),
(860113,1,1,830011,'测试长者11','体温','36.6',DATE_ADD('2026-02-01 08:00:00',INTERVAL 36 HOUR),'MANUAL',0,'测试健康数据',500,NOW(),NOW(),0),
(860121,1,1,830012,'测试长者12','血压','130/80',DATE_ADD('2026-02-01 08:00:00',INTERVAL 37 HOUR),'MANUAL',0,'测试健康数据',500,NOW(),NOW(),0),
(860122,1,1,830012,'测试长者12','血糖','6.1',DATE_ADD('2026-02-01 08:00:00',INTERVAL 38 HOUR),'MANUAL',0,'测试健康数据',500,NOW(),NOW(),0),
(860123,1,1,830012,'测试长者12','体温','36.6',DATE_ADD('2026-02-01 08:00:00',INTERVAL 39 HOUR),'MANUAL',0,'测试健康数据',500,NOW(),NOW(),0),
(860131,1,1,830013,'测试长者13','血压','130/80',DATE_ADD('2026-02-01 08:00:00',INTERVAL 40 HOUR),'MANUAL',0,'测试健康数据',500,NOW(),NOW(),0),
(860132,1,1,830013,'测试长者13','血糖','6.1',DATE_ADD('2026-02-01 08:00:00',INTERVAL 41 HOUR),'MANUAL',0,'测试健康数据',500,NOW(),NOW(),0),
(860133,1,1,830013,'测试长者13','体温','36.6',DATE_ADD('2026-02-01 08:00:00',INTERVAL 42 HOUR),'MANUAL',0,'测试健康数据',500,NOW(),NOW(),0),
(860141,1,1,830014,'测试长者14','血压','130/80',DATE_ADD('2026-02-01 08:00:00',INTERVAL 43 HOUR),'MANUAL',0,'测试健康数据',500,NOW(),NOW(),0),
(860142,1,1,830014,'测试长者14','血糖','6.1',DATE_ADD('2026-02-01 08:00:00',INTERVAL 44 HOUR),'MANUAL',0,'测试健康数据',500,NOW(),NOW(),0),
(860143,1,1,830014,'测试长者14','体温','36.6',DATE_ADD('2026-02-01 08:00:00',INTERVAL 45 HOUR),'MANUAL',0,'测试健康数据',500,NOW(),NOW(),0),
(860151,1,1,830015,'测试长者15','血压','130/80',DATE_ADD('2026-02-01 08:00:00',INTERVAL 46 HOUR),'MANUAL',0,'测试健康数据',500,NOW(),NOW(),0),
(860152,1,1,830015,'测试长者15','血糖','6.1',DATE_ADD('2026-02-01 08:00:00',INTERVAL 47 HOUR),'MANUAL',1,'测试健康数据',500,NOW(),NOW(),0),
(860153,1,1,830015,'测试长者15','体温','36.6',DATE_ADD('2026-02-01 08:00:00',INTERVAL 48 HOUR),'MANUAL',0,'测试健康数据',500,NOW(),NOW(),0),
(860161,1,1,830016,'测试长者16','血压','130/80',DATE_ADD('2026-02-01 08:00:00',INTERVAL 49 HOUR),'MANUAL',0,'测试健康数据',500,NOW(),NOW(),0),
(860162,1,1,830016,'测试长者16','血糖','6.1',DATE_ADD('2026-02-01 08:00:00',INTERVAL 50 HOUR),'MANUAL',0,'测试健康数据',500,NOW(),NOW(),0),
(860163,1,1,830016,'测试长者16','体温','36.6',DATE_ADD('2026-02-01 08:00:00',INTERVAL 51 HOUR),'MANUAL',0,'测试健康数据',500,NOW(),NOW(),0),
(860171,1,1,830017,'测试长者17','血压','130/80',DATE_ADD('2026-02-01 08:00:00',INTERVAL 52 HOUR),'MANUAL',0,'测试健康数据',500,NOW(),NOW(),0),
(860172,1,1,830017,'测试长者17','血糖','6.1',DATE_ADD('2026-02-01 08:00:00',INTERVAL 53 HOUR),'MANUAL',0,'测试健康数据',500,NOW(),NOW(),0),
(860173,1,1,830017,'测试长者17','体温','36.6',DATE_ADD('2026-02-01 08:00:00',INTERVAL 54 HOUR),'MANUAL',0,'测试健康数据',500,NOW(),NOW(),0),
(860181,1,1,830018,'测试长者18','血压','130/80',DATE_ADD('2026-02-01 08:00:00',INTERVAL 55 HOUR),'MANUAL',0,'测试健康数据',500,NOW(),NOW(),0),
(860182,1,1,830018,'测试长者18','血糖','6.1',DATE_ADD('2026-02-01 08:00:00',INTERVAL 56 HOUR),'MANUAL',0,'测试健康数据',500,NOW(),NOW(),0),
(860183,1,1,830018,'测试长者18','体温','36.6',DATE_ADD('2026-02-01 08:00:00',INTERVAL 57 HOUR),'MANUAL',0,'测试健康数据',500,NOW(),NOW(),0),
(860191,1,1,830019,'测试长者19','血压','130/80',DATE_ADD('2026-02-01 08:00:00',INTERVAL 58 HOUR),'MANUAL',0,'测试健康数据',500,NOW(),NOW(),0),
(860192,1,1,830019,'测试长者19','血糖','6.1',DATE_ADD('2026-02-01 08:00:00',INTERVAL 59 HOUR),'MANUAL',0,'测试健康数据',500,NOW(),NOW(),0),
(860193,1,1,830019,'测试长者19','体温','36.6',DATE_ADD('2026-02-01 08:00:00',INTERVAL 60 HOUR),'MANUAL',0,'测试健康数据',500,NOW(),NOW(),0),
(860201,1,1,830020,'测试长者20','血压','130/80',DATE_ADD('2026-02-01 08:00:00',INTERVAL 61 HOUR),'MANUAL',0,'测试健康数据',500,NOW(),NOW(),0),
(860202,1,1,830020,'测试长者20','血糖','6.1',DATE_ADD('2026-02-01 08:00:00',INTERVAL 62 HOUR),'MANUAL',1,'测试健康数据',500,NOW(),NOW(),0),
(860203,1,1,830020,'测试长者20','体温','36.6',DATE_ADD('2026-02-01 08:00:00',INTERVAL 63 HOUR),'MANUAL',0,'测试健康数据',500,NOW(),NOW(),0),
(860211,1,1,830021,'测试长者21','血压','130/80',DATE_ADD('2026-02-01 08:00:00',INTERVAL 64 HOUR),'MANUAL',0,'测试健康数据',500,NOW(),NOW(),0),
(860212,1,1,830021,'测试长者21','血糖','6.1',DATE_ADD('2026-02-01 08:00:00',INTERVAL 65 HOUR),'MANUAL',0,'测试健康数据',500,NOW(),NOW(),0),
(860213,1,1,830021,'测试长者21','体温','36.6',DATE_ADD('2026-02-01 08:00:00',INTERVAL 66 HOUR),'MANUAL',0,'测试健康数据',500,NOW(),NOW(),0),
(860221,1,1,830022,'测试长者22','血压','130/80',DATE_ADD('2026-02-01 08:00:00',INTERVAL 67 HOUR),'MANUAL',0,'测试健康数据',500,NOW(),NOW(),0),
(860222,1,1,830022,'测试长者22','血糖','6.1',DATE_ADD('2026-02-01 08:00:00',INTERVAL 68 HOUR),'MANUAL',0,'测试健康数据',500,NOW(),NOW(),0),
(860223,1,1,830022,'测试长者22','体温','36.6',DATE_ADD('2026-02-01 08:00:00',INTERVAL 69 HOUR),'MANUAL',0,'测试健康数据',500,NOW(),NOW(),0),
(860231,1,1,830023,'测试长者23','血压','130/80',DATE_ADD('2026-02-01 08:00:00',INTERVAL 70 HOUR),'MANUAL',0,'测试健康数据',500,NOW(),NOW(),0),
(860232,1,1,830023,'测试长者23','血糖','6.1',DATE_ADD('2026-02-01 08:00:00',INTERVAL 71 HOUR),'MANUAL',0,'测试健康数据',500,NOW(),NOW(),0),
(860233,1,1,830023,'测试长者23','体温','36.6',DATE_ADD('2026-02-01 08:00:00',INTERVAL 72 HOUR),'MANUAL',0,'测试健康数据',500,NOW(),NOW(),0),
(860241,1,1,830024,'测试长者24','血压','130/80',DATE_ADD('2026-02-01 08:00:00',INTERVAL 73 HOUR),'MANUAL',0,'测试健康数据',500,NOW(),NOW(),0),
(860242,1,1,830024,'测试长者24','血糖','6.1',DATE_ADD('2026-02-01 08:00:00',INTERVAL 74 HOUR),'MANUAL',0,'测试健康数据',500,NOW(),NOW(),0),
(860243,1,1,830024,'测试长者24','体温','36.6',DATE_ADD('2026-02-01 08:00:00',INTERVAL 75 HOUR),'MANUAL',0,'测试健康数据',500,NOW(),NOW(),0),
(860251,1,1,830025,'测试长者25','血压','130/80',DATE_ADD('2026-02-01 08:00:00',INTERVAL 76 HOUR),'MANUAL',0,'测试健康数据',500,NOW(),NOW(),0),
(860252,1,1,830025,'测试长者25','血糖','6.1',DATE_ADD('2026-02-01 08:00:00',INTERVAL 77 HOUR),'MANUAL',1,'测试健康数据',500,NOW(),NOW(),0),
(860253,1,1,830025,'测试长者25','体温','36.6',DATE_ADD('2026-02-01 08:00:00',INTERVAL 78 HOUR),'MANUAL',0,'测试健康数据',500,NOW(),NOW(),0),
(860261,1,1,830026,'测试长者26','血压','130/80',DATE_ADD('2026-02-01 08:00:00',INTERVAL 79 HOUR),'MANUAL',0,'测试健康数据',500,NOW(),NOW(),0),
(860262,1,1,830026,'测试长者26','血糖','6.1',DATE_ADD('2026-02-01 08:00:00',INTERVAL 80 HOUR),'MANUAL',0,'测试健康数据',500,NOW(),NOW(),0),
(860263,1,1,830026,'测试长者26','体温','36.6',DATE_ADD('2026-02-01 08:00:00',INTERVAL 81 HOUR),'MANUAL',0,'测试健康数据',500,NOW(),NOW(),0),
(860271,1,1,830027,'测试长者27','血压','130/80',DATE_ADD('2026-02-01 08:00:00',INTERVAL 82 HOUR),'MANUAL',0,'测试健康数据',500,NOW(),NOW(),0),
(860272,1,1,830027,'测试长者27','血糖','6.1',DATE_ADD('2026-02-01 08:00:00',INTERVAL 83 HOUR),'MANUAL',0,'测试健康数据',500,NOW(),NOW(),0),
(860273,1,1,830027,'测试长者27','体温','36.6',DATE_ADD('2026-02-01 08:00:00',INTERVAL 84 HOUR),'MANUAL',0,'测试健康数据',500,NOW(),NOW(),0),
(860281,1,1,830028,'测试长者28','血压','130/80',DATE_ADD('2026-02-01 08:00:00',INTERVAL 85 HOUR),'MANUAL',0,'测试健康数据',500,NOW(),NOW(),0),
(860282,1,1,830028,'测试长者28','血糖','6.1',DATE_ADD('2026-02-01 08:00:00',INTERVAL 86 HOUR),'MANUAL',0,'测试健康数据',500,NOW(),NOW(),0),
(860283,1,1,830028,'测试长者28','体温','36.6',DATE_ADD('2026-02-01 08:00:00',INTERVAL 87 HOUR),'MANUAL',0,'测试健康数据',500,NOW(),NOW(),0),
(860291,1,1,830029,'测试长者29','血压','130/80',DATE_ADD('2026-02-01 08:00:00',INTERVAL 88 HOUR),'MANUAL',0,'测试健康数据',500,NOW(),NOW(),0),
(860292,1,1,830029,'测试长者29','血糖','6.1',DATE_ADD('2026-02-01 08:00:00',INTERVAL 89 HOUR),'MANUAL',0,'测试健康数据',500,NOW(),NOW(),0),
(860293,1,1,830029,'测试长者29','体温','36.6',DATE_ADD('2026-02-01 08:00:00',INTERVAL 90 HOUR),'MANUAL',0,'测试健康数据',500,NOW(),NOW(),0),
(860301,1,1,830030,'测试长者30','血压','130/80',DATE_ADD('2026-02-01 08:00:00',INTERVAL 91 HOUR),'MANUAL',0,'测试健康数据',500,NOW(),NOW(),0),
(860302,1,1,830030,'测试长者30','血糖','6.1',DATE_ADD('2026-02-01 08:00:00',INTERVAL 92 HOUR),'MANUAL',1,'测试健康数据',500,NOW(),NOW(),0),
(860303,1,1,830030,'测试长者30','体温','36.6',DATE_ADD('2026-02-01 08:00:00',INTERVAL 93 HOUR),'MANUAL',0,'测试健康数据',500,NOW(),NOW(),0);
INSERT IGNORE INTO vital_sign_record (id,org_id,elder_id,type,value_json,measured_at,recorded_by_staff_id,abnormal_flag,remark,create_time,update_time,is_deleted) VALUES
(865011,1,830001,'BP','{"sys":130,"dia":80}',DATE_ADD('2026-02-01 07:30:00',INTERVAL 3 HOUR),501,0,'测试生命体征',NOW(),NOW(),0),
(865012,1,830001,'TEMP','{"temp":36.6}',DATE_ADD('2026-02-01 07:30:00',INTERVAL 4 HOUR),501,0,'测试生命体征',NOW(),NOW(),0),
(865013,1,830001,'SPO2','{"spo2":98}',DATE_ADD('2026-02-01 07:30:00',INTERVAL 5 HOUR),501,0,'测试生命体征',NOW(),NOW(),0),
(865021,1,830002,'BP','{"sys":130,"dia":80}',DATE_ADD('2026-02-01 07:30:00',INTERVAL 5 HOUR),501,0,'测试生命体征',NOW(),NOW(),0),
(865022,1,830002,'TEMP','{"temp":36.6}',DATE_ADD('2026-02-01 07:30:00',INTERVAL 6 HOUR),501,0,'测试生命体征',NOW(),NOW(),0),
(865023,1,830002,'SPO2','{"spo2":98}',DATE_ADD('2026-02-01 07:30:00',INTERVAL 7 HOUR),501,0,'测试生命体征',NOW(),NOW(),0),
(865031,1,830003,'BP','{"sys":130,"dia":80}',DATE_ADD('2026-02-01 07:30:00',INTERVAL 7 HOUR),501,0,'测试生命体征',NOW(),NOW(),0),
(865032,1,830003,'TEMP','{"temp":36.6}',DATE_ADD('2026-02-01 07:30:00',INTERVAL 8 HOUR),501,0,'测试生命体征',NOW(),NOW(),0),
(865033,1,830003,'SPO2','{"spo2":98}',DATE_ADD('2026-02-01 07:30:00',INTERVAL 9 HOUR),501,0,'测试生命体征',NOW(),NOW(),0),
(865041,1,830004,'BP','{"sys":130,"dia":80}',DATE_ADD('2026-02-01 07:30:00',INTERVAL 9 HOUR),501,0,'测试生命体征',NOW(),NOW(),0),
(865042,1,830004,'TEMP','{"temp":36.6}',DATE_ADD('2026-02-01 07:30:00',INTERVAL 10 HOUR),501,0,'测试生命体征',NOW(),NOW(),0),
(865043,1,830004,'SPO2','{"spo2":98}',DATE_ADD('2026-02-01 07:30:00',INTERVAL 11 HOUR),501,0,'测试生命体征',NOW(),NOW(),0),
(865051,1,830005,'BP','{"sys":130,"dia":80}',DATE_ADD('2026-02-01 07:30:00',INTERVAL 11 HOUR),501,0,'测试生命体征',NOW(),NOW(),0),
(865052,1,830005,'TEMP','{"temp":36.6}',DATE_ADD('2026-02-01 07:30:00',INTERVAL 12 HOUR),501,0,'测试生命体征',NOW(),NOW(),0),
(865053,1,830005,'SPO2','{"spo2":98}',DATE_ADD('2026-02-01 07:30:00',INTERVAL 13 HOUR),501,0,'测试生命体征',NOW(),NOW(),0),
(865061,1,830006,'BP','{"sys":130,"dia":80}',DATE_ADD('2026-02-01 07:30:00',INTERVAL 13 HOUR),501,0,'测试生命体征',NOW(),NOW(),0),
(865062,1,830006,'TEMP','{"temp":36.6}',DATE_ADD('2026-02-01 07:30:00',INTERVAL 14 HOUR),501,0,'测试生命体征',NOW(),NOW(),0),
(865063,1,830006,'SPO2','{"spo2":98}',DATE_ADD('2026-02-01 07:30:00',INTERVAL 15 HOUR),501,0,'测试生命体征',NOW(),NOW(),0),
(865071,1,830007,'BP','{"sys":130,"dia":80}',DATE_ADD('2026-02-01 07:30:00',INTERVAL 15 HOUR),501,1,'测试生命体征',NOW(),NOW(),0),
(865072,1,830007,'TEMP','{"temp":36.6}',DATE_ADD('2026-02-01 07:30:00',INTERVAL 16 HOUR),501,0,'测试生命体征',NOW(),NOW(),0),
(865073,1,830007,'SPO2','{"spo2":98}',DATE_ADD('2026-02-01 07:30:00',INTERVAL 17 HOUR),501,0,'测试生命体征',NOW(),NOW(),0),
(865081,1,830008,'BP','{"sys":130,"dia":80}',DATE_ADD('2026-02-01 07:30:00',INTERVAL 17 HOUR),501,0,'测试生命体征',NOW(),NOW(),0),
(865082,1,830008,'TEMP','{"temp":36.6}',DATE_ADD('2026-02-01 07:30:00',INTERVAL 18 HOUR),501,0,'测试生命体征',NOW(),NOW(),0),
(865083,1,830008,'SPO2','{"spo2":98}',DATE_ADD('2026-02-01 07:30:00',INTERVAL 19 HOUR),501,0,'测试生命体征',NOW(),NOW(),0),
(865091,1,830009,'BP','{"sys":130,"dia":80}',DATE_ADD('2026-02-01 07:30:00',INTERVAL 19 HOUR),501,0,'测试生命体征',NOW(),NOW(),0),
(865092,1,830009,'TEMP','{"temp":36.6}',DATE_ADD('2026-02-01 07:30:00',INTERVAL 20 HOUR),501,0,'测试生命体征',NOW(),NOW(),0),
(865093,1,830009,'SPO2','{"spo2":98}',DATE_ADD('2026-02-01 07:30:00',INTERVAL 21 HOUR),501,0,'测试生命体征',NOW(),NOW(),0),
(865101,1,830010,'BP','{"sys":130,"dia":80}',DATE_ADD('2026-02-01 07:30:00',INTERVAL 21 HOUR),501,0,'测试生命体征',NOW(),NOW(),0),
(865102,1,830010,'TEMP','{"temp":36.6}',DATE_ADD('2026-02-01 07:30:00',INTERVAL 22 HOUR),501,0,'测试生命体征',NOW(),NOW(),0),
(865103,1,830010,'SPO2','{"spo2":98}',DATE_ADD('2026-02-01 07:30:00',INTERVAL 23 HOUR),501,0,'测试生命体征',NOW(),NOW(),0),
(865111,1,830011,'BP','{"sys":130,"dia":80}',DATE_ADD('2026-02-01 07:30:00',INTERVAL 23 HOUR),501,0,'测试生命体征',NOW(),NOW(),0),
(865112,1,830011,'TEMP','{"temp":36.6}',DATE_ADD('2026-02-01 07:30:00',INTERVAL 24 HOUR),501,0,'测试生命体征',NOW(),NOW(),0),
(865113,1,830011,'SPO2','{"spo2":98}',DATE_ADD('2026-02-01 07:30:00',INTERVAL 25 HOUR),501,0,'测试生命体征',NOW(),NOW(),0),
(865121,1,830012,'BP','{"sys":130,"dia":80}',DATE_ADD('2026-02-01 07:30:00',INTERVAL 25 HOUR),501,0,'测试生命体征',NOW(),NOW(),0),
(865122,1,830012,'TEMP','{"temp":36.6}',DATE_ADD('2026-02-01 07:30:00',INTERVAL 26 HOUR),501,0,'测试生命体征',NOW(),NOW(),0),
(865123,1,830012,'SPO2','{"spo2":98}',DATE_ADD('2026-02-01 07:30:00',INTERVAL 27 HOUR),501,0,'测试生命体征',NOW(),NOW(),0),
(865131,1,830013,'BP','{"sys":130,"dia":80}',DATE_ADD('2026-02-01 07:30:00',INTERVAL 27 HOUR),501,0,'测试生命体征',NOW(),NOW(),0),
(865132,1,830013,'TEMP','{"temp":36.6}',DATE_ADD('2026-02-01 07:30:00',INTERVAL 28 HOUR),501,0,'测试生命体征',NOW(),NOW(),0),
(865133,1,830013,'SPO2','{"spo2":98}',DATE_ADD('2026-02-01 07:30:00',INTERVAL 29 HOUR),501,0,'测试生命体征',NOW(),NOW(),0),
(865141,1,830014,'BP','{"sys":130,"dia":80}',DATE_ADD('2026-02-01 07:30:00',INTERVAL 29 HOUR),501,1,'测试生命体征',NOW(),NOW(),0),
(865142,1,830014,'TEMP','{"temp":36.6}',DATE_ADD('2026-02-01 07:30:00',INTERVAL 30 HOUR),501,0,'测试生命体征',NOW(),NOW(),0),
(865143,1,830014,'SPO2','{"spo2":98}',DATE_ADD('2026-02-01 07:30:00',INTERVAL 31 HOUR),501,0,'测试生命体征',NOW(),NOW(),0),
(865151,1,830015,'BP','{"sys":130,"dia":80}',DATE_ADD('2026-02-01 07:30:00',INTERVAL 31 HOUR),501,0,'测试生命体征',NOW(),NOW(),0),
(865152,1,830015,'TEMP','{"temp":36.6}',DATE_ADD('2026-02-01 07:30:00',INTERVAL 32 HOUR),501,0,'测试生命体征',NOW(),NOW(),0),
(865153,1,830015,'SPO2','{"spo2":98}',DATE_ADD('2026-02-01 07:30:00',INTERVAL 33 HOUR),501,0,'测试生命体征',NOW(),NOW(),0),
(865161,1,830016,'BP','{"sys":130,"dia":80}',DATE_ADD('2026-02-01 07:30:00',INTERVAL 33 HOUR),501,0,'测试生命体征',NOW(),NOW(),0),
(865162,1,830016,'TEMP','{"temp":36.6}',DATE_ADD('2026-02-01 07:30:00',INTERVAL 34 HOUR),501,0,'测试生命体征',NOW(),NOW(),0),
(865163,1,830016,'SPO2','{"spo2":98}',DATE_ADD('2026-02-01 07:30:00',INTERVAL 35 HOUR),501,0,'测试生命体征',NOW(),NOW(),0),
(865171,1,830017,'BP','{"sys":130,"dia":80}',DATE_ADD('2026-02-01 07:30:00',INTERVAL 35 HOUR),501,0,'测试生命体征',NOW(),NOW(),0),
(865172,1,830017,'TEMP','{"temp":36.6}',DATE_ADD('2026-02-01 07:30:00',INTERVAL 36 HOUR),501,0,'测试生命体征',NOW(),NOW(),0),
(865173,1,830017,'SPO2','{"spo2":98}',DATE_ADD('2026-02-01 07:30:00',INTERVAL 37 HOUR),501,0,'测试生命体征',NOW(),NOW(),0),
(865181,1,830018,'BP','{"sys":130,"dia":80}',DATE_ADD('2026-02-01 07:30:00',INTERVAL 37 HOUR),501,0,'测试生命体征',NOW(),NOW(),0),
(865182,1,830018,'TEMP','{"temp":36.6}',DATE_ADD('2026-02-01 07:30:00',INTERVAL 38 HOUR),501,0,'测试生命体征',NOW(),NOW(),0),
(865183,1,830018,'SPO2','{"spo2":98}',DATE_ADD('2026-02-01 07:30:00',INTERVAL 39 HOUR),501,0,'测试生命体征',NOW(),NOW(),0),
(865191,1,830019,'BP','{"sys":130,"dia":80}',DATE_ADD('2026-02-01 07:30:00',INTERVAL 39 HOUR),501,0,'测试生命体征',NOW(),NOW(),0),
(865192,1,830019,'TEMP','{"temp":36.6}',DATE_ADD('2026-02-01 07:30:00',INTERVAL 40 HOUR),501,0,'测试生命体征',NOW(),NOW(),0),
(865193,1,830019,'SPO2','{"spo2":98}',DATE_ADD('2026-02-01 07:30:00',INTERVAL 41 HOUR),501,0,'测试生命体征',NOW(),NOW(),0),
(865201,1,830020,'BP','{"sys":130,"dia":80}',DATE_ADD('2026-02-01 07:30:00',INTERVAL 41 HOUR),501,0,'测试生命体征',NOW(),NOW(),0),
(865202,1,830020,'TEMP','{"temp":36.6}',DATE_ADD('2026-02-01 07:30:00',INTERVAL 42 HOUR),501,0,'测试生命体征',NOW(),NOW(),0),
(865203,1,830020,'SPO2','{"spo2":98}',DATE_ADD('2026-02-01 07:30:00',INTERVAL 43 HOUR),501,0,'测试生命体征',NOW(),NOW(),0),
(865211,1,830021,'BP','{"sys":130,"dia":80}',DATE_ADD('2026-02-01 07:30:00',INTERVAL 43 HOUR),501,1,'测试生命体征',NOW(),NOW(),0),
(865212,1,830021,'TEMP','{"temp":36.6}',DATE_ADD('2026-02-01 07:30:00',INTERVAL 44 HOUR),501,0,'测试生命体征',NOW(),NOW(),0),
(865213,1,830021,'SPO2','{"spo2":98}',DATE_ADD('2026-02-01 07:30:00',INTERVAL 45 HOUR),501,0,'测试生命体征',NOW(),NOW(),0),
(865221,1,830022,'BP','{"sys":130,"dia":80}',DATE_ADD('2026-02-01 07:30:00',INTERVAL 45 HOUR),501,0,'测试生命体征',NOW(),NOW(),0),
(865222,1,830022,'TEMP','{"temp":36.6}',DATE_ADD('2026-02-01 07:30:00',INTERVAL 46 HOUR),501,0,'测试生命体征',NOW(),NOW(),0),
(865223,1,830022,'SPO2','{"spo2":98}',DATE_ADD('2026-02-01 07:30:00',INTERVAL 47 HOUR),501,0,'测试生命体征',NOW(),NOW(),0),
(865231,1,830023,'BP','{"sys":130,"dia":80}',DATE_ADD('2026-02-01 07:30:00',INTERVAL 47 HOUR),501,0,'测试生命体征',NOW(),NOW(),0),
(865232,1,830023,'TEMP','{"temp":36.6}',DATE_ADD('2026-02-01 07:30:00',INTERVAL 48 HOUR),501,0,'测试生命体征',NOW(),NOW(),0),
(865233,1,830023,'SPO2','{"spo2":98}',DATE_ADD('2026-02-01 07:30:00',INTERVAL 49 HOUR),501,0,'测试生命体征',NOW(),NOW(),0),
(865241,1,830024,'BP','{"sys":130,"dia":80}',DATE_ADD('2026-02-01 07:30:00',INTERVAL 49 HOUR),501,0,'测试生命体征',NOW(),NOW(),0),
(865242,1,830024,'TEMP','{"temp":36.6}',DATE_ADD('2026-02-01 07:30:00',INTERVAL 50 HOUR),501,0,'测试生命体征',NOW(),NOW(),0),
(865243,1,830024,'SPO2','{"spo2":98}',DATE_ADD('2026-02-01 07:30:00',INTERVAL 51 HOUR),501,0,'测试生命体征',NOW(),NOW(),0),
(865251,1,830025,'BP','{"sys":130,"dia":80}',DATE_ADD('2026-02-01 07:30:00',INTERVAL 51 HOUR),501,0,'测试生命体征',NOW(),NOW(),0),
(865252,1,830025,'TEMP','{"temp":36.6}',DATE_ADD('2026-02-01 07:30:00',INTERVAL 52 HOUR),501,0,'测试生命体征',NOW(),NOW(),0),
(865253,1,830025,'SPO2','{"spo2":98}',DATE_ADD('2026-02-01 07:30:00',INTERVAL 53 HOUR),501,0,'测试生命体征',NOW(),NOW(),0),
(865261,1,830026,'BP','{"sys":130,"dia":80}',DATE_ADD('2026-02-01 07:30:00',INTERVAL 53 HOUR),501,0,'测试生命体征',NOW(),NOW(),0),
(865262,1,830026,'TEMP','{"temp":36.6}',DATE_ADD('2026-02-01 07:30:00',INTERVAL 54 HOUR),501,0,'测试生命体征',NOW(),NOW(),0),
(865263,1,830026,'SPO2','{"spo2":98}',DATE_ADD('2026-02-01 07:30:00',INTERVAL 55 HOUR),501,0,'测试生命体征',NOW(),NOW(),0),
(865271,1,830027,'BP','{"sys":130,"dia":80}',DATE_ADD('2026-02-01 07:30:00',INTERVAL 55 HOUR),501,0,'测试生命体征',NOW(),NOW(),0),
(865272,1,830027,'TEMP','{"temp":36.6}',DATE_ADD('2026-02-01 07:30:00',INTERVAL 56 HOUR),501,0,'测试生命体征',NOW(),NOW(),0),
(865273,1,830027,'SPO2','{"spo2":98}',DATE_ADD('2026-02-01 07:30:00',INTERVAL 57 HOUR),501,0,'测试生命体征',NOW(),NOW(),0),
(865281,1,830028,'BP','{"sys":130,"dia":80}',DATE_ADD('2026-02-01 07:30:00',INTERVAL 57 HOUR),501,1,'测试生命体征',NOW(),NOW(),0),
(865282,1,830028,'TEMP','{"temp":36.6}',DATE_ADD('2026-02-01 07:30:00',INTERVAL 58 HOUR),501,0,'测试生命体征',NOW(),NOW(),0),
(865283,1,830028,'SPO2','{"spo2":98}',DATE_ADD('2026-02-01 07:30:00',INTERVAL 59 HOUR),501,0,'测试生命体征',NOW(),NOW(),0),
(865291,1,830029,'BP','{"sys":130,"dia":80}',DATE_ADD('2026-02-01 07:30:00',INTERVAL 59 HOUR),501,0,'测试生命体征',NOW(),NOW(),0),
(865292,1,830029,'TEMP','{"temp":36.6}',DATE_ADD('2026-02-01 07:30:00',INTERVAL 60 HOUR),501,0,'测试生命体征',NOW(),NOW(),0),
(865293,1,830029,'SPO2','{"spo2":98}',DATE_ADD('2026-02-01 07:30:00',INTERVAL 61 HOUR),501,0,'测试生命体征',NOW(),NOW(),0),
(865301,1,830030,'BP','{"sys":130,"dia":80}',DATE_ADD('2026-02-01 07:30:00',INTERVAL 61 HOUR),501,0,'测试生命体征',NOW(),NOW(),0),
(865302,1,830030,'TEMP','{"temp":36.6}',DATE_ADD('2026-02-01 07:30:00',INTERVAL 62 HOUR),501,0,'测试生命体征',NOW(),NOW(),0),
(865303,1,830030,'SPO2','{"spo2":98}',DATE_ADD('2026-02-01 07:30:00',INTERVAL 63 HOUR),501,0,'测试生命体征',NOW(),NOW(),0);
INSERT IGNORE INTO product (id,org_id,product_code,product_name,category,unit,price,points_price,safety_stock,status,tag_ids,create_time,update_time,is_deleted) VALUES
(880001,1,'TP0001','测试商品01','日用品','件',11,110,20,1,'',NOW(),NOW(),0),
(880002,1,'TP0002','测试商品02','保健','件',12,120,20,1,'',NOW(),NOW(),0),
(880003,1,'TP0003','测试商品03','食品','件',13,130,20,1,'',NOW(),NOW(),0),
(880004,1,'TP0004','测试商品04','日用品','件',14,140,20,1,'',NOW(),NOW(),0),
(880005,1,'TP0005','测试商品05','保健','件',15,150,20,1,'',NOW(),NOW(),0),
(880006,1,'TP0006','测试商品06','食品','件',16,160,20,1,'',NOW(),NOW(),0),
(880007,1,'TP0007','测试商品07','日用品','件',17,170,20,1,'',NOW(),NOW(),0),
(880008,1,'TP0008','测试商品08','保健','件',18,180,20,1,'',NOW(),NOW(),0),
(880009,1,'TP0009','测试商品09','食品','件',19,190,20,1,'',NOW(),NOW(),0),
(880010,1,'TP0010','测试商品10','日用品','件',20,200,20,1,'',NOW(),NOW(),0),
(880011,1,'TP0011','测试商品11','保健','件',21,210,20,1,'',NOW(),NOW(),0),
(880012,1,'TP0012','测试商品12','食品','件',22,220,20,1,'',NOW(),NOW(),0);
INSERT IGNORE INTO inventory_batch (id,org_id,product_id,warehouse_id,batch_no,quantity,cost_price,expire_date,warehouse_location,create_time,update_time,is_deleted) VALUES
(881011,1,880001,NULL,'TB001-1',100,6,DATE_ADD('2027-01-01',INTERVAL 2 DAY),'测试库位A',NOW(),NOW(),0),
(881012,1,880001,NULL,'TB001-2',100,6,DATE_ADD('2027-01-01',INTERVAL 3 DAY),'测试库位A',NOW(),NOW(),0),
(881021,1,880002,NULL,'TB002-1',100,7,DATE_ADD('2027-01-01',INTERVAL 3 DAY),'测试库位A',NOW(),NOW(),0),
(881022,1,880002,NULL,'TB002-2',100,7,DATE_ADD('2027-01-01',INTERVAL 4 DAY),'测试库位A',NOW(),NOW(),0),
(881031,1,880003,NULL,'TB003-1',100,8,DATE_ADD('2027-01-01',INTERVAL 4 DAY),'测试库位A',NOW(),NOW(),0),
(881032,1,880003,NULL,'TB003-2',100,8,DATE_ADD('2027-01-01',INTERVAL 5 DAY),'测试库位A',NOW(),NOW(),0),
(881041,1,880004,NULL,'TB004-1',100,9,DATE_ADD('2027-01-01',INTERVAL 5 DAY),'测试库位A',NOW(),NOW(),0),
(881042,1,880004,NULL,'TB004-2',100,9,DATE_ADD('2027-01-01',INTERVAL 6 DAY),'测试库位A',NOW(),NOW(),0),
(881051,1,880005,NULL,'TB005-1',100,10,DATE_ADD('2027-01-01',INTERVAL 6 DAY),'测试库位A',NOW(),NOW(),0),
(881052,1,880005,NULL,'TB005-2',100,10,DATE_ADD('2027-01-01',INTERVAL 7 DAY),'测试库位A',NOW(),NOW(),0),
(881061,1,880006,NULL,'TB006-1',100,11,DATE_ADD('2027-01-01',INTERVAL 7 DAY),'测试库位A',NOW(),NOW(),0),
(881062,1,880006,NULL,'TB006-2',100,11,DATE_ADD('2027-01-01',INTERVAL 8 DAY),'测试库位A',NOW(),NOW(),0),
(881071,1,880007,NULL,'TB007-1',100,12,DATE_ADD('2027-01-01',INTERVAL 8 DAY),'测试库位A',NOW(),NOW(),0),
(881072,1,880007,NULL,'TB007-2',100,12,DATE_ADD('2027-01-01',INTERVAL 9 DAY),'测试库位A',NOW(),NOW(),0),
(881081,1,880008,NULL,'TB008-1',100,13,DATE_ADD('2027-01-01',INTERVAL 9 DAY),'测试库位A',NOW(),NOW(),0),
(881082,1,880008,NULL,'TB008-2',100,13,DATE_ADD('2027-01-01',INTERVAL 10 DAY),'测试库位A',NOW(),NOW(),0),
(881091,1,880009,NULL,'TB009-1',100,14,DATE_ADD('2027-01-01',INTERVAL 10 DAY),'测试库位A',NOW(),NOW(),0),
(881092,1,880009,NULL,'TB009-2',100,14,DATE_ADD('2027-01-01',INTERVAL 11 DAY),'测试库位A',NOW(),NOW(),0),
(881101,1,880010,NULL,'TB010-1',100,15,DATE_ADD('2027-01-01',INTERVAL 11 DAY),'测试库位A',NOW(),NOW(),0),
(881102,1,880010,NULL,'TB010-2',100,15,DATE_ADD('2027-01-01',INTERVAL 12 DAY),'测试库位A',NOW(),NOW(),0),
(881111,1,880011,NULL,'TB011-1',100,16,DATE_ADD('2027-01-01',INTERVAL 12 DAY),'测试库位A',NOW(),NOW(),0),
(881112,1,880011,NULL,'TB011-2',100,16,DATE_ADD('2027-01-01',INTERVAL 13 DAY),'测试库位A',NOW(),NOW(),0),
(881121,1,880012,NULL,'TB012-1',100,17,DATE_ADD('2027-01-01',INTERVAL 13 DAY),'测试库位A',NOW(),NOW(),0),
(881122,1,880012,NULL,'TB012-2',100,17,DATE_ADD('2027-01-01',INTERVAL 14 DAY),'测试库位A',NOW(),NOW(),0);
INSERT IGNORE INTO elder_points_account (id,org_id,elder_id,points_balance,status,create_time,update_time,is_deleted) VALUES
(882001,1,830001,1010,1,NOW(),NOW(),0),
(882002,1,830002,1020,1,NOW(),NOW(),0),
(882003,1,830003,1030,1,NOW(),NOW(),0),
(882004,1,830004,1040,1,NOW(),NOW(),0),
(882005,1,830005,1050,1,NOW(),NOW(),0),
(882006,1,830006,1060,1,NOW(),NOW(),0),
(882007,1,830007,1070,1,NOW(),NOW(),0),
(882008,1,830008,1080,1,NOW(),NOW(),0),
(882009,1,830009,1090,1,NOW(),NOW(),0),
(882010,1,830010,1100,1,NOW(),NOW(),0),
(882011,1,830011,1110,1,NOW(),NOW(),0),
(882012,1,830012,1120,1,NOW(),NOW(),0),
(882013,1,830013,1130,1,NOW(),NOW(),0),
(882014,1,830014,1140,1,NOW(),NOW(),0),
(882015,1,830015,1150,1,NOW(),NOW(),0),
(882016,1,830016,1160,1,NOW(),NOW(),0),
(882017,1,830017,1170,1,NOW(),NOW(),0),
(882018,1,830018,1180,1,NOW(),NOW(),0),
(882019,1,830019,1190,1,NOW(),NOW(),0),
(882020,1,830020,1200,1,NOW(),NOW(),0),
(882021,1,830021,1210,1,NOW(),NOW(),0),
(882022,1,830022,1220,1,NOW(),NOW(),0),
(882023,1,830023,1230,1,NOW(),NOW(),0),
(882024,1,830024,1240,1,NOW(),NOW(),0),
(882025,1,830025,1250,1,NOW(),NOW(),0),
(882026,1,830026,1260,1,NOW(),NOW(),0),
(882027,1,830027,1270,1,NOW(),NOW(),0),
(882028,1,830028,1280,1,NOW(),NOW(),0),
(882029,1,830029,1290,1,NOW(),NOW(),0),
(882030,1,830030,1300,1,NOW(),NOW(),0);
INSERT IGNORE INTO `order` (id,org_id,order_no,elder_id,total_amount,points_used,payable_amount,pay_status,pay_time,order_status,create_time,update_time,is_deleted) VALUES
(883001,1,'TORD2026020001',830001,21,210,21,1,DATE_ADD('2026-02-01 10:00:00',INTERVAL 1 HOUR),3,NOW(),NOW(),0),
(883002,1,'TORD2026020002',830002,22,220,22,1,DATE_ADD('2026-02-01 10:00:00',INTERVAL 2 HOUR),3,NOW(),NOW(),0),
(883003,1,'TORD2026020003',830003,23,230,23,1,DATE_ADD('2026-02-01 10:00:00',INTERVAL 3 HOUR),3,NOW(),NOW(),0),
(883004,1,'TORD2026020004',830004,24,240,24,1,DATE_ADD('2026-02-01 10:00:00',INTERVAL 4 HOUR),3,NOW(),NOW(),0),
(883005,1,'TORD2026020005',830005,25,250,25,1,DATE_ADD('2026-02-01 10:00:00',INTERVAL 5 HOUR),3,NOW(),NOW(),0),
(883006,1,'TORD2026020006',830006,26,260,26,1,DATE_ADD('2026-02-01 10:00:00',INTERVAL 6 HOUR),3,NOW(),NOW(),0),
(883007,1,'TORD2026020007',830007,27,270,27,1,DATE_ADD('2026-02-01 10:00:00',INTERVAL 7 HOUR),3,NOW(),NOW(),0),
(883008,1,'TORD2026020008',830008,28,280,28,1,DATE_ADD('2026-02-01 10:00:00',INTERVAL 8 HOUR),3,NOW(),NOW(),0),
(883009,1,'TORD2026020009',830009,29,290,29,1,DATE_ADD('2026-02-01 10:00:00',INTERVAL 9 HOUR),3,NOW(),NOW(),0),
(883010,1,'TORD2026020010',830010,30,300,30,1,DATE_ADD('2026-02-01 10:00:00',INTERVAL 10 HOUR),3,NOW(),NOW(),0),
(883011,1,'TORD2026020011',830011,31,310,31,1,DATE_ADD('2026-02-01 10:00:00',INTERVAL 11 HOUR),3,NOW(),NOW(),0),
(883012,1,'TORD2026020012',830012,20,200,20,1,DATE_ADD('2026-02-01 10:00:00',INTERVAL 12 HOUR),3,NOW(),NOW(),0),
(883013,1,'TORD2026020013',830013,21,210,21,1,DATE_ADD('2026-02-01 10:00:00',INTERVAL 13 HOUR),3,NOW(),NOW(),0),
(883014,1,'TORD2026020014',830014,22,220,22,1,DATE_ADD('2026-02-01 10:00:00',INTERVAL 14 HOUR),3,NOW(),NOW(),0),
(883015,1,'TORD2026020015',830015,23,230,23,1,DATE_ADD('2026-02-01 10:00:00',INTERVAL 15 HOUR),3,NOW(),NOW(),0),
(883016,1,'TORD2026020016',830016,24,240,24,1,DATE_ADD('2026-02-01 10:00:00',INTERVAL 16 HOUR),3,NOW(),NOW(),0),
(883017,1,'TORD2026020017',830017,25,250,25,1,DATE_ADD('2026-02-01 10:00:00',INTERVAL 17 HOUR),3,NOW(),NOW(),0),
(883018,1,'TORD2026020018',830018,26,260,26,1,DATE_ADD('2026-02-01 10:00:00',INTERVAL 18 HOUR),3,NOW(),NOW(),0),
(883019,1,'TORD2026020019',830019,27,270,27,1,DATE_ADD('2026-02-01 10:00:00',INTERVAL 19 HOUR),3,NOW(),NOW(),0),
(883020,1,'TORD2026020020',830020,28,280,28,1,DATE_ADD('2026-02-01 10:00:00',INTERVAL 20 HOUR),3,NOW(),NOW(),0),
(883021,1,'TORD2026020021',830021,29,290,29,1,DATE_ADD('2026-02-01 10:00:00',INTERVAL 21 HOUR),3,NOW(),NOW(),0),
(883022,1,'TORD2026020022',830022,30,300,30,1,DATE_ADD('2026-02-01 10:00:00',INTERVAL 22 HOUR),3,NOW(),NOW(),0),
(883023,1,'TORD2026020023',830023,31,310,31,1,DATE_ADD('2026-02-01 10:00:00',INTERVAL 23 HOUR),3,NOW(),NOW(),0),
(883024,1,'TORD2026020024',830024,20,200,20,1,DATE_ADD('2026-02-01 10:00:00',INTERVAL 24 HOUR),3,NOW(),NOW(),0),
(883025,1,'TORD2026020025',830025,21,210,21,1,DATE_ADD('2026-02-01 10:00:00',INTERVAL 25 HOUR),3,NOW(),NOW(),0),
(883026,1,'TORD2026020026',830026,22,220,22,1,DATE_ADD('2026-02-01 10:00:00',INTERVAL 26 HOUR),3,NOW(),NOW(),0),
(883027,1,'TORD2026020027',830027,23,230,23,1,DATE_ADD('2026-02-01 10:00:00',INTERVAL 27 HOUR),3,NOW(),NOW(),0),
(883028,1,'TORD2026020028',830028,24,240,24,1,DATE_ADD('2026-02-01 10:00:00',INTERVAL 28 HOUR),3,NOW(),NOW(),0),
(883029,1,'TORD2026020029',830029,25,250,25,1,DATE_ADD('2026-02-01 10:00:00',INTERVAL 29 HOUR),3,NOW(),NOW(),0),
(883030,1,'TORD2026020030',830030,26,260,26,1,DATE_ADD('2026-02-01 10:00:00',INTERVAL 30 HOUR),3,NOW(),NOW(),0);
INSERT IGNORE INTO order_item (id,org_id,order_id,product_id,product_name,product_code_snapshot,product_name_snapshot,unit_price,quantity,total_amount,create_time,update_time,is_deleted) VALUES
(884001,1,883001,880002,'测试商品02','TP0002','测试商品02',21,1,21,NOW(),NOW(),0),
(884002,1,883002,880003,'测试商品03','TP0003','测试商品03',22,1,22,NOW(),NOW(),0),
(884003,1,883003,880004,'测试商品04','TP0004','测试商品04',23,1,23,NOW(),NOW(),0),
(884004,1,883004,880005,'测试商品05','TP0005','测试商品05',24,1,24,NOW(),NOW(),0),
(884005,1,883005,880006,'测试商品06','TP0006','测试商品06',25,1,25,NOW(),NOW(),0),
(884006,1,883006,880007,'测试商品07','TP0007','测试商品07',26,1,26,NOW(),NOW(),0),
(884007,1,883007,880008,'测试商品08','TP0008','测试商品08',27,1,27,NOW(),NOW(),0),
(884008,1,883008,880009,'测试商品09','TP0009','测试商品09',28,1,28,NOW(),NOW(),0),
(884009,1,883009,880010,'测试商品10','TP0010','测试商品10',29,1,29,NOW(),NOW(),0),
(884010,1,883010,880011,'测试商品11','TP0011','测试商品11',30,1,30,NOW(),NOW(),0),
(884011,1,883011,880012,'测试商品12','TP0012','测试商品12',31,1,31,NOW(),NOW(),0),
(884012,1,883012,880001,'测试商品01','TP0001','测试商品01',20,1,20,NOW(),NOW(),0),
(884013,1,883013,880002,'测试商品02','TP0002','测试商品02',21,1,21,NOW(),NOW(),0),
(884014,1,883014,880003,'测试商品03','TP0003','测试商品03',22,1,22,NOW(),NOW(),0),
(884015,1,883015,880004,'测试商品04','TP0004','测试商品04',23,1,23,NOW(),NOW(),0),
(884016,1,883016,880005,'测试商品05','TP0005','测试商品05',24,1,24,NOW(),NOW(),0),
(884017,1,883017,880006,'测试商品06','TP0006','测试商品06',25,1,25,NOW(),NOW(),0),
(884018,1,883018,880007,'测试商品07','TP0007','测试商品07',26,1,26,NOW(),NOW(),0),
(884019,1,883019,880008,'测试商品08','TP0008','测试商品08',27,1,27,NOW(),NOW(),0),
(884020,1,883020,880009,'测试商品09','TP0009','测试商品09',28,1,28,NOW(),NOW(),0),
(884021,1,883021,880010,'测试商品10','TP0010','测试商品10',29,1,29,NOW(),NOW(),0),
(884022,1,883022,880011,'测试商品11','TP0011','测试商品11',30,1,30,NOW(),NOW(),0),
(884023,1,883023,880012,'测试商品12','TP0012','测试商品12',31,1,31,NOW(),NOW(),0),
(884024,1,883024,880001,'测试商品01','TP0001','测试商品01',20,1,20,NOW(),NOW(),0),
(884025,1,883025,880002,'测试商品02','TP0002','测试商品02',21,1,21,NOW(),NOW(),0),
(884026,1,883026,880003,'测试商品03','TP0003','测试商品03',22,1,22,NOW(),NOW(),0),
(884027,1,883027,880004,'测试商品04','TP0004','测试商品04',23,1,23,NOW(),NOW(),0),
(884028,1,883028,880005,'测试商品05','TP0005','测试商品05',24,1,24,NOW(),NOW(),0),
(884029,1,883029,880006,'测试商品06','TP0006','测试商品06',25,1,25,NOW(),NOW(),0),
(884030,1,883030,880007,'测试商品07','TP0007','测试商品07',26,1,26,NOW(),NOW(),0);
INSERT IGNORE INTO bill_monthly (id,org_id,elder_id,bill_month,total_amount,paid_amount,outstanding_amount,status,create_time,update_time,is_deleted) VALUES
(885001,1,830001,'2026-02',181,81,100,1,NOW(),NOW(),0),
(885002,1,830002,'2026-02',182,82,100,1,NOW(),NOW(),0),
(885003,1,830003,'2026-02',183,83,100,1,NOW(),NOW(),0),
(885004,1,830004,'2026-02',184,84,100,1,NOW(),NOW(),0),
(885005,1,830005,'2026-02',185,85,100,1,NOW(),NOW(),0),
(885006,1,830006,'2026-02',186,86,100,1,NOW(),NOW(),0),
(885007,1,830007,'2026-02',187,87,100,1,NOW(),NOW(),0),
(885008,1,830008,'2026-02',188,88,100,1,NOW(),NOW(),0),
(885009,1,830009,'2026-02',189,89,100,1,NOW(),NOW(),0),
(885010,1,830010,'2026-02',190,80,110,1,NOW(),NOW(),0),
(885011,1,830011,'2026-02',191,81,110,1,NOW(),NOW(),0),
(885012,1,830012,'2026-02',192,82,110,1,NOW(),NOW(),0),
(885013,1,830013,'2026-02',193,83,110,1,NOW(),NOW(),0),
(885014,1,830014,'2026-02',194,84,110,1,NOW(),NOW(),0),
(885015,1,830015,'2026-02',195,85,110,1,NOW(),NOW(),0),
(885016,1,830016,'2026-02',196,86,110,1,NOW(),NOW(),0),
(885017,1,830017,'2026-02',197,87,110,1,NOW(),NOW(),0),
(885018,1,830018,'2026-02',198,88,110,1,NOW(),NOW(),0),
(885019,1,830019,'2026-02',199,89,110,1,NOW(),NOW(),0),
(885020,1,830020,'2026-02',180,80,100,1,NOW(),NOW(),0),
(885021,1,830021,'2026-02',181,81,100,1,NOW(),NOW(),0),
(885022,1,830022,'2026-02',182,82,100,1,NOW(),NOW(),0),
(885023,1,830023,'2026-02',183,83,100,1,NOW(),NOW(),0),
(885024,1,830024,'2026-02',184,84,100,1,NOW(),NOW(),0),
(885025,1,830025,'2026-02',185,85,100,1,NOW(),NOW(),0),
(885026,1,830026,'2026-02',186,86,100,1,NOW(),NOW(),0),
(885027,1,830027,'2026-02',187,87,100,1,NOW(),NOW(),0),
(885028,1,830028,'2026-02',188,88,100,1,NOW(),NOW(),0),
(885029,1,830029,'2026-02',189,89,100,1,NOW(),NOW(),0),
(885030,1,830030,'2026-02',190,80,110,1,NOW(),NOW(),0);
INSERT IGNORE INTO bill_item (id,org_id,bill_monthly_id,item_type,item_name,amount,ref_order_id,remark,create_time,update_time,is_deleted) VALUES
(886011,1,885001,'BED','床位费',120.00,NULL,'测试账单明细',NOW(),NOW(),0),
(886012,1,885001,'SHOP','商城消费',60.00,883001,'测试账单明细',NOW(),NOW(),0),
(886021,1,885002,'BED','床位费',120.00,NULL,'测试账单明细',NOW(),NOW(),0),
(886022,1,885002,'SHOP','商城消费',60.00,883002,'测试账单明细',NOW(),NOW(),0),
(886031,1,885003,'BED','床位费',120.00,NULL,'测试账单明细',NOW(),NOW(),0),
(886032,1,885003,'SHOP','商城消费',60.00,883003,'测试账单明细',NOW(),NOW(),0),
(886041,1,885004,'BED','床位费',120.00,NULL,'测试账单明细',NOW(),NOW(),0),
(886042,1,885004,'SHOP','商城消费',60.00,883004,'测试账单明细',NOW(),NOW(),0),
(886051,1,885005,'BED','床位费',120.00,NULL,'测试账单明细',NOW(),NOW(),0),
(886052,1,885005,'SHOP','商城消费',60.00,883005,'测试账单明细',NOW(),NOW(),0),
(886061,1,885006,'BED','床位费',120.00,NULL,'测试账单明细',NOW(),NOW(),0),
(886062,1,885006,'SHOP','商城消费',60.00,883006,'测试账单明细',NOW(),NOW(),0),
(886071,1,885007,'BED','床位费',120.00,NULL,'测试账单明细',NOW(),NOW(),0),
(886072,1,885007,'SHOP','商城消费',60.00,883007,'测试账单明细',NOW(),NOW(),0),
(886081,1,885008,'BED','床位费',120.00,NULL,'测试账单明细',NOW(),NOW(),0),
(886082,1,885008,'SHOP','商城消费',60.00,883008,'测试账单明细',NOW(),NOW(),0),
(886091,1,885009,'BED','床位费',120.00,NULL,'测试账单明细',NOW(),NOW(),0),
(886092,1,885009,'SHOP','商城消费',60.00,883009,'测试账单明细',NOW(),NOW(),0),
(886101,1,885010,'BED','床位费',120.00,NULL,'测试账单明细',NOW(),NOW(),0),
(886102,1,885010,'SHOP','商城消费',60.00,883010,'测试账单明细',NOW(),NOW(),0),
(886111,1,885011,'BED','床位费',120.00,NULL,'测试账单明细',NOW(),NOW(),0),
(886112,1,885011,'SHOP','商城消费',60.00,883011,'测试账单明细',NOW(),NOW(),0),
(886121,1,885012,'BED','床位费',120.00,NULL,'测试账单明细',NOW(),NOW(),0),
(886122,1,885012,'SHOP','商城消费',60.00,883012,'测试账单明细',NOW(),NOW(),0),
(886131,1,885013,'BED','床位费',120.00,NULL,'测试账单明细',NOW(),NOW(),0),
(886132,1,885013,'SHOP','商城消费',60.00,883013,'测试账单明细',NOW(),NOW(),0),
(886141,1,885014,'BED','床位费',120.00,NULL,'测试账单明细',NOW(),NOW(),0),
(886142,1,885014,'SHOP','商城消费',60.00,883014,'测试账单明细',NOW(),NOW(),0),
(886151,1,885015,'BED','床位费',120.00,NULL,'测试账单明细',NOW(),NOW(),0),
(886152,1,885015,'SHOP','商城消费',60.00,883015,'测试账单明细',NOW(),NOW(),0),
(886161,1,885016,'BED','床位费',120.00,NULL,'测试账单明细',NOW(),NOW(),0),
(886162,1,885016,'SHOP','商城消费',60.00,883016,'测试账单明细',NOW(),NOW(),0),
(886171,1,885017,'BED','床位费',120.00,NULL,'测试账单明细',NOW(),NOW(),0),
(886172,1,885017,'SHOP','商城消费',60.00,883017,'测试账单明细',NOW(),NOW(),0),
(886181,1,885018,'BED','床位费',120.00,NULL,'测试账单明细',NOW(),NOW(),0),
(886182,1,885018,'SHOP','商城消费',60.00,883018,'测试账单明细',NOW(),NOW(),0),
(886191,1,885019,'BED','床位费',120.00,NULL,'测试账单明细',NOW(),NOW(),0),
(886192,1,885019,'SHOP','商城消费',60.00,883019,'测试账单明细',NOW(),NOW(),0),
(886201,1,885020,'BED','床位费',120.00,NULL,'测试账单明细',NOW(),NOW(),0),
(886202,1,885020,'SHOP','商城消费',60.00,883020,'测试账单明细',NOW(),NOW(),0),
(886211,1,885021,'BED','床位费',120.00,NULL,'测试账单明细',NOW(),NOW(),0),
(886212,1,885021,'SHOP','商城消费',60.00,883021,'测试账单明细',NOW(),NOW(),0),
(886221,1,885022,'BED','床位费',120.00,NULL,'测试账单明细',NOW(),NOW(),0),
(886222,1,885022,'SHOP','商城消费',60.00,883022,'测试账单明细',NOW(),NOW(),0),
(886231,1,885023,'BED','床位费',120.00,NULL,'测试账单明细',NOW(),NOW(),0),
(886232,1,885023,'SHOP','商城消费',60.00,883023,'测试账单明细',NOW(),NOW(),0),
(886241,1,885024,'BED','床位费',120.00,NULL,'测试账单明细',NOW(),NOW(),0),
(886242,1,885024,'SHOP','商城消费',60.00,883024,'测试账单明细',NOW(),NOW(),0),
(886251,1,885025,'BED','床位费',120.00,NULL,'测试账单明细',NOW(),NOW(),0),
(886252,1,885025,'SHOP','商城消费',60.00,883025,'测试账单明细',NOW(),NOW(),0),
(886261,1,885026,'BED','床位费',120.00,NULL,'测试账单明细',NOW(),NOW(),0),
(886262,1,885026,'SHOP','商城消费',60.00,883026,'测试账单明细',NOW(),NOW(),0),
(886271,1,885027,'BED','床位费',120.00,NULL,'测试账单明细',NOW(),NOW(),0),
(886272,1,885027,'SHOP','商城消费',60.00,883027,'测试账单明细',NOW(),NOW(),0),
(886281,1,885028,'BED','床位费',120.00,NULL,'测试账单明细',NOW(),NOW(),0),
(886282,1,885028,'SHOP','商城消费',60.00,883028,'测试账单明细',NOW(),NOW(),0),
(886291,1,885029,'BED','床位费',120.00,NULL,'测试账单明细',NOW(),NOW(),0),
(886292,1,885029,'SHOP','商城消费',60.00,883029,'测试账单明细',NOW(),NOW(),0),
(886301,1,885030,'BED','床位费',120.00,NULL,'测试账单明细',NOW(),NOW(),0),
(886302,1,885030,'SHOP','商城消费',60.00,883030,'测试账单明细',NOW(),NOW(),0);
INSERT IGNORE INTO oa_todo (id,tenant_id,org_id,title,content,due_time,`status`,assignee_id,assignee_name,created_by,create_time,update_time,is_deleted) VALUES
(887001,1,1,'测试待办-001','用于平台联调的自动生成测试待办',DATE_ADD(NOW(),INTERVAL 1 HOUR),'OPEN',503,'医生张',500,NOW(),NOW(),0),
(887002,1,1,'测试待办-002','用于平台联调的自动生成测试待办',DATE_ADD(NOW(),INTERVAL 2 HOUR),'OPEN',504,'财务刘',500,NOW(),NOW(),0),
(887003,1,1,'测试待办-003','用于平台联调的自动生成测试待办',DATE_ADD(NOW(),INTERVAL 3 HOUR),'OPEN',501,'护士长王',500,NOW(),NOW(),0),
(887004,1,1,'测试待办-004','用于平台联调的自动生成测试待办',DATE_ADD(NOW(),INTERVAL 4 HOUR),'OPEN',503,'医生张',500,NOW(),NOW(),0),
(887005,1,1,'测试待办-005','用于平台联调的自动生成测试待办',DATE_ADD(NOW(),INTERVAL 5 HOUR),'DONE',504,'财务刘',500,NOW(),NOW(),0),
(887006,1,1,'测试待办-006','用于平台联调的自动生成测试待办',DATE_ADD(NOW(),INTERVAL 6 HOUR),'OPEN',501,'护士长王',500,NOW(),NOW(),0),
(887007,1,1,'测试待办-007','用于平台联调的自动生成测试待办',DATE_ADD(NOW(),INTERVAL 7 HOUR),'OPEN',503,'医生张',500,NOW(),NOW(),0),
(887008,1,1,'测试待办-008','用于平台联调的自动生成测试待办',DATE_ADD(NOW(),INTERVAL 8 HOUR),'OPEN',504,'财务刘',500,NOW(),NOW(),0),
(887009,1,1,'测试待办-009','用于平台联调的自动生成测试待办',DATE_ADD(NOW(),INTERVAL 9 HOUR),'OPEN',501,'护士长王',500,NOW(),NOW(),0),
(887010,1,1,'测试待办-010','用于平台联调的自动生成测试待办',DATE_ADD(NOW(),INTERVAL 10 HOUR),'DONE',503,'医生张',500,NOW(),NOW(),0),
(887011,1,1,'测试待办-011','用于平台联调的自动生成测试待办',DATE_ADD(NOW(),INTERVAL 11 HOUR),'OPEN',504,'财务刘',500,NOW(),NOW(),0),
(887012,1,1,'测试待办-012','用于平台联调的自动生成测试待办',DATE_ADD(NOW(),INTERVAL 12 HOUR),'OPEN',501,'护士长王',500,NOW(),NOW(),0),
(887013,1,1,'测试待办-013','用于平台联调的自动生成测试待办',DATE_ADD(NOW(),INTERVAL 13 HOUR),'OPEN',503,'医生张',500,NOW(),NOW(),0),
(887014,1,1,'测试待办-014','用于平台联调的自动生成测试待办',DATE_ADD(NOW(),INTERVAL 14 HOUR),'OPEN',504,'财务刘',500,NOW(),NOW(),0),
(887015,1,1,'测试待办-015','用于平台联调的自动生成测试待办',DATE_ADD(NOW(),INTERVAL 15 HOUR),'DONE',501,'护士长王',500,NOW(),NOW(),0),
(887016,1,1,'测试待办-016','用于平台联调的自动生成测试待办',DATE_ADD(NOW(),INTERVAL 16 HOUR),'OPEN',503,'医生张',500,NOW(),NOW(),0),
(887017,1,1,'测试待办-017','用于平台联调的自动生成测试待办',DATE_ADD(NOW(),INTERVAL 17 HOUR),'OPEN',504,'财务刘',500,NOW(),NOW(),0),
(887018,1,1,'测试待办-018','用于平台联调的自动生成测试待办',DATE_ADD(NOW(),INTERVAL 18 HOUR),'OPEN',501,'护士长王',500,NOW(),NOW(),0),
(887019,1,1,'测试待办-019','用于平台联调的自动生成测试待办',DATE_ADD(NOW(),INTERVAL 19 HOUR),'OPEN',503,'医生张',500,NOW(),NOW(),0),
(887020,1,1,'测试待办-020','用于平台联调的自动生成测试待办',DATE_ADD(NOW(),INTERVAL 20 HOUR),'DONE',504,'财务刘',500,NOW(),NOW(),0),
(887021,1,1,'测试待办-021','用于平台联调的自动生成测试待办',DATE_ADD(NOW(),INTERVAL 21 HOUR),'OPEN',501,'护士长王',500,NOW(),NOW(),0),
(887022,1,1,'测试待办-022','用于平台联调的自动生成测试待办',DATE_ADD(NOW(),INTERVAL 22 HOUR),'OPEN',503,'医生张',500,NOW(),NOW(),0),
(887023,1,1,'测试待办-023','用于平台联调的自动生成测试待办',DATE_ADD(NOW(),INTERVAL 23 HOUR),'OPEN',504,'财务刘',500,NOW(),NOW(),0),
(887024,1,1,'测试待办-024','用于平台联调的自动生成测试待办',DATE_ADD(NOW(),INTERVAL 24 HOUR),'OPEN',501,'护士长王',500,NOW(),NOW(),0),
(887025,1,1,'测试待办-025','用于平台联调的自动生成测试待办',DATE_ADD(NOW(),INTERVAL 25 HOUR),'DONE',503,'医生张',500,NOW(),NOW(),0),
(887026,1,1,'测试待办-026','用于平台联调的自动生成测试待办',DATE_ADD(NOW(),INTERVAL 26 HOUR),'OPEN',504,'财务刘',500,NOW(),NOW(),0),
(887027,1,1,'测试待办-027','用于平台联调的自动生成测试待办',DATE_ADD(NOW(),INTERVAL 27 HOUR),'OPEN',501,'护士长王',500,NOW(),NOW(),0),
(887028,1,1,'测试待办-028','用于平台联调的自动生成测试待办',DATE_ADD(NOW(),INTERVAL 28 HOUR),'OPEN',503,'医生张',500,NOW(),NOW(),0),
(887029,1,1,'测试待办-029','用于平台联调的自动生成测试待办',DATE_ADD(NOW(),INTERVAL 29 HOUR),'OPEN',504,'财务刘',500,NOW(),NOW(),0),
(887030,1,1,'测试待办-030','用于平台联调的自动生成测试待办',DATE_ADD(NOW(),INTERVAL 30 HOUR),'DONE',501,'护士长王',500,NOW(),NOW(),0),
(887031,1,1,'测试待办-031','用于平台联调的自动生成测试待办',DATE_ADD(NOW(),INTERVAL 31 HOUR),'OPEN',503,'医生张',500,NOW(),NOW(),0),
(887032,1,1,'测试待办-032','用于平台联调的自动生成测试待办',DATE_ADD(NOW(),INTERVAL 32 HOUR),'OPEN',504,'财务刘',500,NOW(),NOW(),0),
(887033,1,1,'测试待办-033','用于平台联调的自动生成测试待办',DATE_ADD(NOW(),INTERVAL 33 HOUR),'OPEN',501,'护士长王',500,NOW(),NOW(),0),
(887034,1,1,'测试待办-034','用于平台联调的自动生成测试待办',DATE_ADD(NOW(),INTERVAL 34 HOUR),'OPEN',503,'医生张',500,NOW(),NOW(),0),
(887035,1,1,'测试待办-035','用于平台联调的自动生成测试待办',DATE_ADD(NOW(),INTERVAL 35 HOUR),'DONE',504,'财务刘',500,NOW(),NOW(),0),
(887036,1,1,'测试待办-036','用于平台联调的自动生成测试待办',DATE_ADD(NOW(),INTERVAL 36 HOUR),'OPEN',501,'护士长王',500,NOW(),NOW(),0),
(887037,1,1,'测试待办-037','用于平台联调的自动生成测试待办',DATE_ADD(NOW(),INTERVAL 37 HOUR),'OPEN',503,'医生张',500,NOW(),NOW(),0),
(887038,1,1,'测试待办-038','用于平台联调的自动生成测试待办',DATE_ADD(NOW(),INTERVAL 38 HOUR),'OPEN',504,'财务刘',500,NOW(),NOW(),0),
(887039,1,1,'测试待办-039','用于平台联调的自动生成测试待办',DATE_ADD(NOW(),INTERVAL 39 HOUR),'OPEN',501,'护士长王',500,NOW(),NOW(),0),
(887040,1,1,'测试待办-040','用于平台联调的自动生成测试待办',DATE_ADD(NOW(),INTERVAL 40 HOUR),'DONE',503,'医生张',500,NOW(),NOW(),0);
