-- Pagination mock data (50 elders / products / orders / batches)
SET FOREIGN_KEY_CHECKS=0;
INSERT INTO elder (id,org_id,elder_code,elder_qr_code,full_name,id_card_no,gender,birth_date,phone,admission_date,status,bed_id,care_level,remark) VALUES
(10001,1,'E10001','EQR10001','Elder 001',NULL,1,'1960-01-01','13900000001','2026-02-01',1,NULL,'L2',NULL),
(10002,1,'E10002','EQR10002','Elder 002',NULL,2,'1961-01-01','13900000002','2026-02-02',1,NULL,'L1',NULL),
(10003,1,'E10003','EQR10003','Elder 003',NULL,1,'1962-01-01','13900000003','2026-02-03',1,NULL,'L1',NULL),
(10004,1,'E10004','EQR10004','Elder 004',NULL,2,'1963-01-01','13900000004','2026-02-04',1,NULL,'L2',NULL),
(10005,1,'E10005','EQR10005','Elder 005',NULL,1,'1964-01-01','13900000005','2026-02-05',1,NULL,'L1',NULL),
(10006,1,'E10006','EQR10006','Elder 006',NULL,2,'1965-01-01','13900000006','2026-02-06',1,NULL,'L1',NULL),
(10007,1,'E10007','EQR10007','Elder 007',NULL,1,'1966-01-01','13900000007','2026-02-07',1,NULL,'L2',NULL),
(10008,1,'E10008','EQR10008','Elder 008',NULL,2,'1967-01-01','13900000008','2026-02-08',1,NULL,'L1',NULL),
(10009,1,'E10009','EQR10009','Elder 009',NULL,1,'1968-01-01','13900000009','2026-02-09',1,NULL,'L1',NULL),
(10010,1,'E10010','EQR10010','Elder 010',NULL,2,'1969-01-01','13900000010','2026-02-10',1,NULL,'L2',NULL),
(10011,1,'E10011','EQR10011','Elder 011',NULL,1,'1970-01-01','13900000011','2026-02-11',1,NULL,'L1',NULL),
(10012,1,'E10012','EQR10012','Elder 012',NULL,2,'1971-01-01','13900000012','2026-02-12',1,NULL,'L1',NULL),
(10013,1,'E10013','EQR10013','Elder 013',NULL,1,'1972-01-01','13900000013','2026-02-13',1,NULL,'L2',NULL),
(10014,1,'E10014','EQR10014','Elder 014',NULL,2,'1973-01-01','13900000014','2026-02-14',1,NULL,'L1',NULL),
(10015,1,'E10015','EQR10015','Elder 015',NULL,1,'1974-01-01','13900000015','2026-02-15',1,NULL,'L1',NULL),
(10016,1,'E10016','EQR10016','Elder 016',NULL,2,'1975-01-01','13900000016','2026-02-16',1,NULL,'L2',NULL),
(10017,1,'E10017','EQR10017','Elder 017',NULL,1,'1976-01-01','13900000017','2026-02-17',1,NULL,'L1',NULL),
(10018,1,'E10018','EQR10018','Elder 018',NULL,2,'1977-01-01','13900000018','2026-02-18',1,NULL,'L1',NULL),
(10019,1,'E10019','EQR10019','Elder 019',NULL,1,'1978-01-01','13900000019','2026-02-19',1,NULL,'L2',NULL),
(10020,1,'E10020','EQR10020','Elder 020',NULL,2,'1979-01-01','13900000020','2026-02-20',1,NULL,'L1',NULL),
(10021,1,'E10021','EQR10021','Elder 021',NULL,1,'1980-01-01','13900000021','2026-02-21',1,NULL,'L1',NULL),
(10022,1,'E10022','EQR10022','Elder 022',NULL,2,'1981-01-01','13900000022','2026-02-22',1,NULL,'L2',NULL),
(10023,1,'E10023','EQR10023','Elder 023',NULL,1,'1982-01-01','13900000023','2026-02-23',1,NULL,'L1',NULL),
(10024,1,'E10024','EQR10024','Elder 024',NULL,2,'1983-01-01','13900000024','2026-02-24',1,NULL,'L1',NULL),
(10025,1,'E10025','EQR10025','Elder 025',NULL,1,'1984-01-01','13900000025','2026-02-25',1,NULL,'L2',NULL),
(10026,1,'E10026','EQR10026','Elder 026',NULL,2,'1985-01-01','13900000026','2026-02-26',1,NULL,'L1',NULL),
(10027,1,'E10027','EQR10027','Elder 027',NULL,1,'1986-01-01','13900000027','2026-02-27',1,NULL,'L1',NULL),
(10028,1,'E10028','EQR10028','Elder 028',NULL,2,'1987-01-01','13900000028','2026-02-28',1,NULL,'L2',NULL),
(10029,1,'E10029','EQR10029','Elder 029',NULL,1,'1988-01-01','13900000029','2026-02-01',1,NULL,'L1',NULL),
(10030,1,'E10030','EQR10030','Elder 030',NULL,2,'1989-01-01','13900000030','2026-02-02',1,NULL,'L1',NULL),
(10031,1,'E10031','EQR10031','Elder 031',NULL,1,'1960-01-01','13900000031','2026-02-03',1,NULL,'L2',NULL),
(10032,1,'E10032','EQR10032','Elder 032',NULL,2,'1961-01-01','13900000032','2026-02-04',1,NULL,'L1',NULL),
(10033,1,'E10033','EQR10033','Elder 033',NULL,1,'1962-01-01','13900000033','2026-02-05',1,NULL,'L1',NULL),
(10034,1,'E10034','EQR10034','Elder 034',NULL,2,'1963-01-01','13900000034','2026-02-06',1,NULL,'L2',NULL),
(10035,1,'E10035','EQR10035','Elder 035',NULL,1,'1964-01-01','13900000035','2026-02-07',1,NULL,'L1',NULL),
(10036,1,'E10036','EQR10036','Elder 036',NULL,2,'1965-01-01','13900000036','2026-02-08',1,NULL,'L1',NULL),
(10037,1,'E10037','EQR10037','Elder 037',NULL,1,'1966-01-01','13900000037','2026-02-09',1,NULL,'L2',NULL),
(10038,1,'E10038','EQR10038','Elder 038',NULL,2,'1967-01-01','13900000038','2026-02-10',1,NULL,'L1',NULL),
(10039,1,'E10039','EQR10039','Elder 039',NULL,1,'1968-01-01','13900000039','2026-02-11',1,NULL,'L1',NULL),
(10040,1,'E10040','EQR10040','Elder 040',NULL,2,'1969-01-01','13900000040','2026-02-12',1,NULL,'L2',NULL),
(10041,1,'E10041','EQR10041','Elder 041',NULL,1,'1970-01-01','13900000041','2026-02-13',1,NULL,'L1',NULL),
(10042,1,'E10042','EQR10042','Elder 042',NULL,2,'1971-01-01','13900000042','2026-02-14',1,NULL,'L1',NULL),
(10043,1,'E10043','EQR10043','Elder 043',NULL,1,'1972-01-01','13900000043','2026-02-15',1,NULL,'L2',NULL),
(10044,1,'E10044','EQR10044','Elder 044',NULL,2,'1973-01-01','13900000044','2026-02-16',1,NULL,'L1',NULL),
(10045,1,'E10045','EQR10045','Elder 045',NULL,1,'1974-01-01','13900000045','2026-02-17',1,NULL,'L1',NULL),
(10046,1,'E10046','EQR10046','Elder 046',NULL,2,'1975-01-01','13900000046','2026-02-18',1,NULL,'L2',NULL),
(10047,1,'E10047','EQR10047','Elder 047',NULL,1,'1976-01-01','13900000047','2026-02-19',1,NULL,'L1',NULL),
(10048,1,'E10048','EQR10048','Elder 048',NULL,2,'1977-01-01','13900000048','2026-02-20',1,NULL,'L1',NULL),
(10049,1,'E10049','EQR10049','Elder 049',NULL,1,'1978-01-01','13900000049','2026-02-21',1,NULL,'L2',NULL),
(10050,1,'E10050','EQR10050','Elder 050',NULL,2,'1979-01-01','13900000050','2026-02-22',1,NULL,'L1',NULL);
INSERT INTO product (id,org_id,product_code,product_name,category,unit,price,points_price,safety_stock,status,tag_ids) VALUES
(20001,1,'P20001','Product 001','Daily','pcs',10.00,100,20,1,NULL),
(20002,1,'P20002','Product 002','Daily','pcs',11.00,110,20,1,NULL),
(20003,1,'P20003','Product 003','Daily','pcs',12.00,120,20,1,NULL),
(20004,1,'P20004','Product 004','Daily','pcs',13.00,130,20,1,NULL),
(20005,1,'P20005','Product 005','Daily','pcs',14.00,140,20,1,NULL),
(20006,1,'P20006','Product 006','Daily','pcs',15.00,150,20,1,NULL),
(20007,1,'P20007','Product 007','Daily','pcs',16.00,160,20,1,NULL),
(20008,1,'P20008','Product 008','Daily','pcs',17.00,170,20,1,NULL),
(20009,1,'P20009','Product 009','Daily','pcs',18.00,180,20,1,NULL),
(20010,1,'P20010','Product 010','Daily','pcs',19.00,190,20,1,NULL),
(20011,1,'P20011','Product 011','Daily','pcs',10.00,100,20,1,NULL),
(20012,1,'P20012','Product 012','Daily','pcs',11.00,110,20,1,NULL),
(20013,1,'P20013','Product 013','Daily','pcs',12.00,120,20,1,NULL),
(20014,1,'P20014','Product 014','Daily','pcs',13.00,130,20,1,NULL),
(20015,1,'P20015','Product 015','Daily','pcs',14.00,140,20,1,NULL),
(20016,1,'P20016','Product 016','Daily','pcs',15.00,150,20,1,NULL),
(20017,1,'P20017','Product 017','Daily','pcs',16.00,160,20,1,NULL),
(20018,1,'P20018','Product 018','Daily','pcs',17.00,170,20,1,NULL),
(20019,1,'P20019','Product 019','Daily','pcs',18.00,180,20,1,NULL),
(20020,1,'P20020','Product 020','Daily','pcs',19.00,190,20,1,NULL),
(20021,1,'P20021','Product 021','Daily','pcs',10.00,100,20,1,NULL),
(20022,1,'P20022','Product 022','Daily','pcs',11.00,110,20,1,NULL),
(20023,1,'P20023','Product 023','Daily','pcs',12.00,120,20,1,NULL),
(20024,1,'P20024','Product 024','Daily','pcs',13.00,130,20,1,NULL),
(20025,1,'P20025','Product 025','Daily','pcs',14.00,140,20,1,NULL),
(20026,1,'P20026','Product 026','Daily','pcs',15.00,150,20,1,NULL),
(20027,1,'P20027','Product 027','Daily','pcs',16.00,160,20,1,NULL),
(20028,1,'P20028','Product 028','Daily','pcs',17.00,170,20,1,NULL),
(20029,1,'P20029','Product 029','Daily','pcs',18.00,180,20,1,NULL),
(20030,1,'P20030','Product 030','Daily','pcs',19.00,190,20,1,NULL),
(20031,1,'P20031','Product 031','Daily','pcs',10.00,100,20,1,NULL),
(20032,1,'P20032','Product 032','Daily','pcs',11.00,110,20,1,NULL),
(20033,1,'P20033','Product 033','Daily','pcs',12.00,120,20,1,NULL),
(20034,1,'P20034','Product 034','Daily','pcs',13.00,130,20,1,NULL),
(20035,1,'P20035','Product 035','Daily','pcs',14.00,140,20,1,NULL),
(20036,1,'P20036','Product 036','Daily','pcs',15.00,150,20,1,NULL),
(20037,1,'P20037','Product 037','Daily','pcs',16.00,160,20,1,NULL),
(20038,1,'P20038','Product 038','Daily','pcs',17.00,170,20,1,NULL),
(20039,1,'P20039','Product 039','Daily','pcs',18.00,180,20,1,NULL),
(20040,1,'P20040','Product 040','Daily','pcs',19.00,190,20,1,NULL),
(20041,1,'P20041','Product 041','Daily','pcs',10.00,100,20,1,NULL),
(20042,1,'P20042','Product 042','Daily','pcs',11.00,110,20,1,NULL),
(20043,1,'P20043','Product 043','Daily','pcs',12.00,120,20,1,NULL),
(20044,1,'P20044','Product 044','Daily','pcs',13.00,130,20,1,NULL),
(20045,1,'P20045','Product 045','Daily','pcs',14.00,140,20,1,NULL),
(20046,1,'P20046','Product 046','Daily','pcs',15.00,150,20,1,NULL),
(20047,1,'P20047','Product 047','Daily','pcs',16.00,160,20,1,NULL),
(20048,1,'P20048','Product 048','Daily','pcs',17.00,170,20,1,NULL),
(20049,1,'P20049','Product 049','Daily','pcs',18.00,180,20,1,NULL),
(20050,1,'P20050','Product 050','Daily','pcs',19.00,190,20,1,NULL);
INSERT INTO inventory_batch (id,org_id,product_id,batch_no,quantity,cost_price,expire_date,warehouse_location) VALUES
(50001,1,20001,'B50001',200,5.00,'2026-12-01','WH-A'),
(50002,1,20002,'B50002',200,6.00,'2026-12-02','WH-A'),
(50003,1,20003,'B50003',200,7.00,'2026-12-03','WH-A'),
(50004,1,20004,'B50004',200,8.00,'2026-12-04','WH-A'),
(50005,1,20005,'B50005',200,9.00,'2026-12-05','WH-A'),
(50006,1,20006,'B50006',200,5.00,'2026-12-06','WH-A'),
(50007,1,20007,'B50007',200,6.00,'2026-12-07','WH-A'),
(50008,1,20008,'B50008',200,7.00,'2026-12-08','WH-A'),
(50009,1,20009,'B50009',200,8.00,'2026-12-09','WH-A'),
(50010,1,20010,'B50010',200,9.00,'2026-12-10','WH-A'),
(50011,1,20011,'B50011',200,5.00,'2026-12-11','WH-A'),
(50012,1,20012,'B50012',200,6.00,'2026-12-12','WH-A'),
(50013,1,20013,'B50013',200,7.00,'2026-12-13','WH-A'),
(50014,1,20014,'B50014',200,8.00,'2026-12-14','WH-A'),
(50015,1,20015,'B50015',200,9.00,'2026-12-15','WH-A'),
(50016,1,20016,'B50016',200,5.00,'2026-12-16','WH-A'),
(50017,1,20017,'B50017',200,6.00,'2026-12-17','WH-A'),
(50018,1,20018,'B50018',200,7.00,'2026-12-18','WH-A'),
(50019,1,20019,'B50019',200,8.00,'2026-12-19','WH-A'),
(50020,1,20020,'B50020',200,9.00,'2026-12-20','WH-A'),
(50021,1,20021,'B50021',200,5.00,'2026-12-21','WH-A'),
(50022,1,20022,'B50022',200,6.00,'2026-12-22','WH-A'),
(50023,1,20023,'B50023',200,7.00,'2026-12-23','WH-A'),
(50024,1,20024,'B50024',200,8.00,'2026-12-24','WH-A'),
(50025,1,20025,'B50025',200,9.00,'2026-12-25','WH-A'),
(50026,1,20026,'B50026',200,5.00,'2026-12-26','WH-A'),
(50027,1,20027,'B50027',200,6.00,'2026-12-27','WH-A'),
(50028,1,20028,'B50028',200,7.00,'2026-12-28','WH-A'),
(50029,1,20029,'B50029',200,8.00,'2026-12-01','WH-A'),
(50030,1,20030,'B50030',200,9.00,'2026-12-02','WH-A'),
(50031,1,20031,'B50031',200,5.00,'2026-12-03','WH-A'),
(50032,1,20032,'B50032',200,6.00,'2026-12-04','WH-A'),
(50033,1,20033,'B50033',200,7.00,'2026-12-05','WH-A'),
(50034,1,20034,'B50034',200,8.00,'2026-12-06','WH-A'),
(50035,1,20035,'B50035',200,9.00,'2026-12-07','WH-A'),
(50036,1,20036,'B50036',200,5.00,'2026-12-08','WH-A'),
(50037,1,20037,'B50037',200,6.00,'2026-12-09','WH-A'),
(50038,1,20038,'B50038',200,7.00,'2026-12-10','WH-A'),
(50039,1,20039,'B50039',200,8.00,'2026-12-11','WH-A'),
(50040,1,20040,'B50040',200,9.00,'2026-12-12','WH-A'),
(50041,1,20041,'B50041',200,5.00,'2026-12-13','WH-A'),
(50042,1,20042,'B50042',200,6.00,'2026-12-14','WH-A'),
(50043,1,20043,'B50043',200,7.00,'2026-12-15','WH-A'),
(50044,1,20044,'B50044',200,8.00,'2026-12-16','WH-A'),
(50045,1,20045,'B50045',200,9.00,'2026-12-17','WH-A'),
(50046,1,20046,'B50046',200,5.00,'2026-12-18','WH-A'),
(50047,1,20047,'B50047',200,6.00,'2026-12-19','WH-A'),
(50048,1,20048,'B50048',200,7.00,'2026-12-20','WH-A'),
(50049,1,20049,'B50049',200,8.00,'2026-12-21','WH-A'),
(50050,1,20050,'B50050',200,9.00,'2026-12-22','WH-A');
INSERT INTO `order` (id,org_id,order_no,elder_id,total_amount,points_used,payable_amount,pay_status,pay_time,order_status) VALUES
(30001,1,'ORD20260207-001',10001,10.00,0,10.00,1,'2026-02-07 12:00:00',3),
(30002,1,'ORD20260207-002',10002,11.00,0,11.00,1,'2026-02-07 12:00:00',3),
(30003,1,'ORD20260207-003',10003,12.00,0,12.00,1,'2026-02-07 12:00:00',3),
(30004,1,'ORD20260207-004',10004,13.00,0,13.00,1,'2026-02-07 12:00:00',3),
(30005,1,'ORD20260207-005',10005,14.00,0,14.00,1,'2026-02-07 12:00:00',3),
(30006,1,'ORD20260207-006',10006,15.00,0,15.00,1,'2026-02-07 12:00:00',3),
(30007,1,'ORD20260207-007',10007,16.00,0,16.00,1,'2026-02-07 12:00:00',3),
(30008,1,'ORD20260207-008',10008,17.00,0,17.00,1,'2026-02-07 12:00:00',3),
(30009,1,'ORD20260207-009',10009,18.00,0,18.00,1,'2026-02-07 12:00:00',3),
(30010,1,'ORD20260207-010',10010,19.00,0,19.00,1,'2026-02-07 12:00:00',3),
(30011,1,'ORD20260207-011',10011,10.00,0,10.00,1,'2026-02-07 12:00:00',3),
(30012,1,'ORD20260207-012',10012,11.00,0,11.00,1,'2026-02-07 12:00:00',3),
(30013,1,'ORD20260207-013',10013,12.00,0,12.00,1,'2026-02-07 12:00:00',3),
(30014,1,'ORD20260207-014',10014,13.00,0,13.00,1,'2026-02-07 12:00:00',3),
(30015,1,'ORD20260207-015',10015,14.00,0,14.00,1,'2026-02-07 12:00:00',3),
(30016,1,'ORD20260207-016',10016,15.00,0,15.00,1,'2026-02-07 12:00:00',3),
(30017,1,'ORD20260207-017',10017,16.00,0,16.00,1,'2026-02-07 12:00:00',3),
(30018,1,'ORD20260207-018',10018,17.00,0,17.00,1,'2026-02-07 12:00:00',3),
(30019,1,'ORD20260207-019',10019,18.00,0,18.00,1,'2026-02-07 12:00:00',3),
(30020,1,'ORD20260207-020',10020,19.00,0,19.00,1,'2026-02-07 12:00:00',3),
(30021,1,'ORD20260207-021',10021,10.00,0,10.00,1,'2026-02-07 12:00:00',3),
(30022,1,'ORD20260207-022',10022,11.00,0,11.00,1,'2026-02-07 12:00:00',3),
(30023,1,'ORD20260207-023',10023,12.00,0,12.00,1,'2026-02-07 12:00:00',3),
(30024,1,'ORD20260207-024',10024,13.00,0,13.00,1,'2026-02-07 12:00:00',3),
(30025,1,'ORD20260207-025',10025,14.00,0,14.00,1,'2026-02-07 12:00:00',3),
(30026,1,'ORD20260207-026',10026,15.00,0,15.00,1,'2026-02-07 12:00:00',3),
(30027,1,'ORD20260207-027',10027,16.00,0,16.00,1,'2026-02-07 12:00:00',3),
(30028,1,'ORD20260207-028',10028,17.00,0,17.00,1,'2026-02-07 12:00:00',3),
(30029,1,'ORD20260207-029',10029,18.00,0,18.00,1,'2026-02-07 12:00:00',3),
(30030,1,'ORD20260207-030',10030,19.00,0,19.00,1,'2026-02-07 12:00:00',3),
(30031,1,'ORD20260207-031',10031,10.00,0,10.00,1,'2026-02-07 12:00:00',3),
(30032,1,'ORD20260207-032',10032,11.00,0,11.00,1,'2026-02-07 12:00:00',3),
(30033,1,'ORD20260207-033',10033,12.00,0,12.00,1,'2026-02-07 12:00:00',3),
(30034,1,'ORD20260207-034',10034,13.00,0,13.00,1,'2026-02-07 12:00:00',3),
(30035,1,'ORD20260207-035',10035,14.00,0,14.00,1,'2026-02-07 12:00:00',3),
(30036,1,'ORD20260207-036',10036,15.00,0,15.00,1,'2026-02-07 12:00:00',3),
(30037,1,'ORD20260207-037',10037,16.00,0,16.00,1,'2026-02-07 12:00:00',3),
(30038,1,'ORD20260207-038',10038,17.00,0,17.00,1,'2026-02-07 12:00:00',3),
(30039,1,'ORD20260207-039',10039,18.00,0,18.00,1,'2026-02-07 12:00:00',3),
(30040,1,'ORD20260207-040',10040,19.00,0,19.00,1,'2026-02-07 12:00:00',3),
(30041,1,'ORD20260207-041',10041,10.00,0,10.00,1,'2026-02-07 12:00:00',3),
(30042,1,'ORD20260207-042',10042,11.00,0,11.00,1,'2026-02-07 12:00:00',3),
(30043,1,'ORD20260207-043',10043,12.00,0,12.00,1,'2026-02-07 12:00:00',3),
(30044,1,'ORD20260207-044',10044,13.00,0,13.00,1,'2026-02-07 12:00:00',3),
(30045,1,'ORD20260207-045',10045,14.00,0,14.00,1,'2026-02-07 12:00:00',3),
(30046,1,'ORD20260207-046',10046,15.00,0,15.00,1,'2026-02-07 12:00:00',3),
(30047,1,'ORD20260207-047',10047,16.00,0,16.00,1,'2026-02-07 12:00:00',3),
(30048,1,'ORD20260207-048',10048,17.00,0,17.00,1,'2026-02-07 12:00:00',3),
(30049,1,'ORD20260207-049',10049,18.00,0,18.00,1,'2026-02-07 12:00:00',3),
(30050,1,'ORD20260207-050',10050,19.00,0,19.00,1,'2026-02-07 12:00:00',3);
INSERT INTO order_item (id,org_id,order_id,product_id,product_name,unit_price,quantity,total_amount) VALUES
(40001,1,30001,20001,'Product 001',10.00,1,10.00),
(40002,1,30002,20002,'Product 002',11.00,1,11.00),
(40003,1,30003,20003,'Product 003',12.00,1,12.00),
(40004,1,30004,20004,'Product 004',13.00,1,13.00),
(40005,1,30005,20005,'Product 005',14.00,1,14.00),
(40006,1,30006,20006,'Product 006',15.00,1,15.00),
(40007,1,30007,20007,'Product 007',16.00,1,16.00),
(40008,1,30008,20008,'Product 008',17.00,1,17.00),
(40009,1,30009,20009,'Product 009',18.00,1,18.00),
(40010,1,30010,20010,'Product 010',19.00,1,19.00),
(40011,1,30011,20011,'Product 011',10.00,1,10.00),
(40012,1,30012,20012,'Product 012',11.00,1,11.00),
(40013,1,30013,20013,'Product 013',12.00,1,12.00),
(40014,1,30014,20014,'Product 014',13.00,1,13.00),
(40015,1,30015,20015,'Product 015',14.00,1,14.00),
(40016,1,30016,20016,'Product 016',15.00,1,15.00),
(40017,1,30017,20017,'Product 017',16.00,1,16.00),
(40018,1,30018,20018,'Product 018',17.00,1,17.00),
(40019,1,30019,20019,'Product 019',18.00,1,18.00),
(40020,1,30020,20020,'Product 020',19.00,1,19.00),
(40021,1,30021,20021,'Product 021',10.00,1,10.00),
(40022,1,30022,20022,'Product 022',11.00,1,11.00),
(40023,1,30023,20023,'Product 023',12.00,1,12.00),
(40024,1,30024,20024,'Product 024',13.00,1,13.00),
(40025,1,30025,20025,'Product 025',14.00,1,14.00),
(40026,1,30026,20026,'Product 026',15.00,1,15.00),
(40027,1,30027,20027,'Product 027',16.00,1,16.00),
(40028,1,30028,20028,'Product 028',17.00,1,17.00),
(40029,1,30029,20029,'Product 029',18.00,1,18.00),
(40030,1,30030,20030,'Product 030',19.00,1,19.00),
(40031,1,30031,20031,'Product 031',10.00,1,10.00),
(40032,1,30032,20032,'Product 032',11.00,1,11.00),
(40033,1,30033,20033,'Product 033',12.00,1,12.00),
(40034,1,30034,20034,'Product 034',13.00,1,13.00),
(40035,1,30035,20035,'Product 035',14.00,1,14.00),
(40036,1,30036,20036,'Product 036',15.00,1,15.00),
(40037,1,30037,20037,'Product 037',16.00,1,16.00),
(40038,1,30038,20038,'Product 038',17.00,1,17.00),
(40039,1,30039,20039,'Product 039',18.00,1,18.00),
(40040,1,30040,20040,'Product 040',19.00,1,19.00),
(40041,1,30041,20041,'Product 041',10.00,1,10.00),
(40042,1,30042,20042,'Product 042',11.00,1,11.00),
(40043,1,30043,20043,'Product 043',12.00,1,12.00),
(40044,1,30044,20044,'Product 044',13.00,1,13.00),
(40045,1,30045,20045,'Product 045',14.00,1,14.00),
(40046,1,30046,20046,'Product 046',15.00,1,15.00),
(40047,1,30047,20047,'Product 047',16.00,1,16.00),
(40048,1,30048,20048,'Product 048',17.00,1,17.00),
(40049,1,30049,20049,'Product 049',18.00,1,18.00),
(40050,1,30050,20050,'Product 050',19.00,1,19.00);
SET FOREIGN_KEY_CHECKS=1;
